user_id,age_band,primary_intent,baseline_mood,has_sensitivity_flag,total_sessions,completion_rate,mean_efficacy_rating,std_efficacy_rating,mean_delta_mood,positive_session_rate,negative_session_rate,most_common_intent,engagement_tier
20199acd-62fa-4345-af96-44118fe22623,25-34,anxiety_relief,32.7,False,16,0.5625,3.4375,1.8246004128758344,-7.70625,0.0,0.6875,anxiety_relief,engaged
41ff4a08-27d2-46b8-9044-357a34de1d3d,25-34,grief_processing,11.8,True,15,0.8666666666666667,4.266666666666667,1.7511900715418263,-1.1,0.0,0.26666666666666666,grief_processing,engaged
0cb6d1a7-d5bf-4a08-aa74-18903529b21e,35-44,anxiety_relief,28.5,False,17,0.6470588235294118,3.176470588235294,1.8109146210426053,-6.752941176470588,0.0,0.5882352941176471,anxiety_relief,engaged
43edca8e-d945-436e-a44c-ea514618b119,25-34,deep_focus,66.5,False,15,0.6,3.533333333333333,2.0998866182543785,-5.206666666666668,0.2,0.6,deep_focus,engaged
635552f3-4534-4718-a610-33c234427ea7,25-34,anxiety_relief,25.8,False,22,0.7727272727272727,3.272727272727273,2.2078176723767013,-5.118181818181818,0.045454545454545456,0.5,anxiety_relief,loyal
d8254ea5-8e2d-4828-9d81-6d55161e4d2d,55+,sleep_induction,19.8,False,13,0.46153846153846156,2.769230769230769,1.739436985245808,-11.353846153846156,0.0,0.8461538461538461,sleep_induction,engaged
bb5bb33d-8b67-4b8b-97fc-3f4f6c3617e8,35-44,anxiety_relief,40.5,False,16,0.75,3.5,1.9321835661585918,-5.4625,0.0,0.5,anxiety_relief,engaged
2d9499c1-b4dd-44ba-8440-c991f8c32eba,25-34,sleep_induction,33.8,False,21,0.47619047619047616,2.5714285714285716,1.535298947157477,-9.352380952380953,0.09523809523809523,0.8095238095238095,sleep_induction,loyal
410344ff-29f1-449e-85fa-b9760c8ff320,25-34,anxiety_relief,33.2,True,11,0.45454545454545453,3.0,1.7888543819998317,-12.045454545454545,0.0,0.8181818181818182,anxiety_relief,engaged
bd815657-79e0-433b-a12e-f4b1c7f285d0,18-24,anxiety_relief,20.0,False,14,0.6428571428571429,3.142857142857143,1.7032612545052803,-7.207142857142856,0.07142857142857142,0.7142857142857143,anxiety_relief,engaged
55806c55-1ac1-47e5-927d-b0c1ae832ace,55+,anxiety_relief,7.4,False,13,0.8461538461538461,3.076923076923077,1.9774368283857793,-2.746153846153846,0.07692307692307693,0.5384615384615384,anxiety_relief,engaged
f254bc5f-250a-43f7-973b-6191799c17dd,25-34,anxiety_relief,30.4,False,24,0.4583333333333333,3.625,2.222659981037214,-6.979166666666667,0.08333333333333333,0.5833333333333334,anxiety_relief,loyal
821c37d9-d28d-450c-ade9-4844d8b69d05,25-34,anxiety_relief,32.8,True,21,0.6666666666666666,3.4285714285714284,2.0632844828435215,-3.004761904761905,0.14285714285714285,0.42857142857142855,anxiety_relief,loyal
41424699-86ae-438c-9340-f35072df5365,18-24,mood_uplift,26.0,False,19,0.631578947368421,3.736842105263158,2.2321416040096733,-1.463157894736842,0.2631578947368421,0.42105263157894735,mood_uplift,engaged
8d38da5a-d0d7-49cf-a53d-841c2bc26288,35-44,mood_uplift,19.8,False,10,1.0,4.0,2.309401076758503,-3.85,0.2,0.5,mood_uplift,engaged
5ecac4d3-8490-4c69-ae56-2005a2fc4de1,55+,sleep_induction,18.1,True,12,0.4166666666666667,2.4166666666666665,1.2401124093721456,-11.375,0.0,1.0,sleep_induction,engaged
fc94af60-fdf6-4b71-ae40-d3604b2bd54a,35-44,sleep_induction,12.9,False,20,0.45,2.45,1.3945382182304158,-8.5,0.0,0.95,sleep_induction,loyal
642ef038-30c6-497b-8dad-ca03e378b41f,55+,anxiety_relief,27.0,False,11,0.7272727272727273,3.090909090909091,2.0225995873897267,-7.145454545454545,0.0,0.6363636363636364,anxiety_relief,engaged
04aa6794-39e1-48fb-8fb9-911c3a6b885b,35-44,mood_uplift,50.3,False,16,0.75,4.3125,2.056493779875511,1.1687499999999997,0.25,0.25,mood_uplift,engaged
c6780eec-0ecb-4748-8cfb-935515d1163b,55+,grief_processing,22.2,False,17,0.7647058823529411,5.0588235294117645,1.7489492643904125,0.5058823529411756,0.11764705882352941,0.17647058823529413,grief_processing,engaged
ab298b1d-ec5f-403b-9cc2-fb92f87584ed,18-24,anxiety_relief,46.6,False,17,0.5882352941176471,2.6470588235294117,1.2718675476729209,-9.647058823529411,0.0,0.7647058823529411,anxiety_relief,engaged
f04f196d-19b2-4e2c-b8a0-c0b382cdb8ad,25-34,anxiety_relief,43.6,False,19,0.5789473684210527,3.0526315789473686,2.3207681728860172,-8.41578947368421,0.05263157894736842,0.7368421052631579,anxiety_relief,engaged
1a7e0b21-37db-4b42-ba60-f4120806f339,45-54,deep_focus,5.7,False,11,0.7272727272727273,5.2727272727272725,2.195035721390843,5.254545454545454,0.36363636363636365,0.09090909090909091,deep_focus,engaged
60e12877-1dd5-4944-9655-16fe533ac96c,25-34,deep_focus,9.5,False,8,0.625,3.625,3.0207614933986426,-0.6499999999999999,0.25,0.625,deep_focus,engaged
9dd0a473-d1e5-46a5-86aa-b5aee5e40691,35-44,deep_focus,20.5,False,24,0.6666666666666666,3.4166666666666665,2.3390199855395895,-6.429166666666667,0.125,0.5833333333333334,deep_focus,loyal
0ac2921c-5abe-4c08-a4c7-7b8d161b7135,18-24,deep_focus,47.4,False,12,0.5833333333333334,4.583333333333333,2.3532698077098573,-1.4833333333333323,0.16666666666666666,0.4166666666666667,deep_focus,engaged
76f37ff2-7afd-4734-8781-69119c2d588d,25-34,anxiety_relief,26.2,False,10,0.9,3.2,1.7511900715418267,-8.73,0.0,0.7,anxiety_relief,engaged
934861b6-f726-43d0-8306-6eb6cfe62e9d,25-34,mood_uplift,24.4,False,19,0.5789473684210527,3.473684210526316,2.0102078679864475,-6.252631578947367,0.05263157894736842,0.631578947368421,mood_uplift,engaged
e22d7757-7381-46b0-934b-57be80747ad6,25-34,mood_uplift,39.3,False,16,0.9375,4.9375,2.619637379485947,1.3375,0.3125,0.3125,mood_uplift,engaged
ed992828-8027-41ab-a491-19c90b4172cf,35-44,deep_focus,51.1,False,15,0.8,4.0,2.3603873774083293,0.313333333333334,0.26666666666666666,0.26666666666666666,deep_focus,engaged
b8492ac7-29a2-45da-ab81-8842cd0b2190,18-24,deep_focus,9.5,False,9,0.6666666666666666,4.333333333333333,2.598076211353316,-0.6999999999999997,0.2222222222222222,0.4444444444444444,deep_focus,engaged
d99d7b5c-446a-4488-aa77-a6902fdf02e4,35-44,mood_uplift,9.2,False,11,0.8181818181818182,3.4545454545454546,1.9679246105293955,-0.6363636363636365,0.09090909090909091,0.36363636363636365,mood_uplift,engaged
22cca654-1229-474a-8ca0-af2c514dbd61,25-34,mood_uplift,70.8,False,6,0.8333333333333334,3.8333333333333335,2.7868739954771304,-2.8500000000000014,0.16666666666666666,0.5,mood_uplift,engaged
69f1337a-25c9-4067-9a0c-74c679df06a7,18-24,anxiety_relief,29.7,False,10,0.7,2.9,1.8529256146249728,-3.8,0.1,0.6,anxiety_relief,engaged
d437a201-6c1e-4761-9836-1c9592a5b839,18-24,sleep_induction,19.4,False,16,0.6875,2.25,0.7745966692414833,-10.75625,0.0,0.875,sleep_induction,engaged
584c68ba-c230-4c9c-a99a-23badbf9655a,18-24,mood_uplift,32.5,False,13,0.46153846153846156,3.3076923076923075,2.015961945102775,-7.961538461538462,0.07692307692307693,0.6153846153846154,mood_uplift,engaged
13085133-0c9c-4b85-99c3-5c0cbfbcd4c0,45-54,anxiety_relief,22.1,False,13,0.7692307692307693,2.769230769230769,1.2351684199496948,-6.892307692307692,0.0,0.6153846153846154,anxiety_relief,engaged
a3c03224-7c48-48e4-9e6c-020a0cca7814,45-54,sleep_induction,50.0,False,18,0.6111111111111112,2.5,1.3394467690277294,-10.422222222222222,0.0,0.7777777777777778,sleep_induction,engaged
268a1466-f16c-44af-b9d7-173936e11cc1,35-44,deep_focus,56.1,False,26,0.7307692307692307,3.4615384615384617,2.353393621658208,-3.8153846153846156,0.15384615384615385,0.46153846153846156,deep_focus,loyal
49b8a2c0-bfc4-4621-aa06-bbb9f0c5f0f7,35-44,sleep_induction,40.5,True,16,0.6875,2.3125,1.4476993242152645,-9.518749999999999,0.0,0.8125,sleep_induction,engaged
31b2274d-1495-4c19-bf77-92e3989f2c65,45-54,sleep_induction,19.0,False,19,0.7368421052631579,2.473684210526316,1.8964417280976962,-10.01578947368421,0.05263157894736842,0.8421052631578947,sleep_induction,engaged
f9f3ba07-fd51-4925-8166-7d3ea585b515,25-34,anxiety_relief,71.4,True,17,0.7647058823529411,3.2941176470588234,1.4901638283404002,-6.176470588235291,0.0,0.5294117647058824,anxiety_relief,engaged
d4b4fe36-fdf2-42ef-b74b-4f36caf4c435,18-24,anxiety_relief,26.6,False,13,0.46153846153846156,2.6923076923076925,2.2130151145972543,-6.8076923076923075,0.07692307692307693,0.6153846153846154,anxiety_relief,engaged
04a77266-1fa6-48e6-93ce-c0ac40db193d,45-54,sleep_induction,23.9,False,16,0.6875,1.9375,0.8539125638299665,-10.3625,0.0,0.9375,sleep_induction,engaged
1258ec06-9ac8-4de0-aeec-19c3b60cd5bd,18-24,sleep_induction,7.6,False,13,0.7692307692307693,2.3076923076923075,1.377474463442389,-3.7,0.0,0.9230769230769231,sleep_induction,engaged
cf015f01-8f82-4e02-8c9b-5b859dac5ea8,18-24,deep_focus,24.8,False,15,0.9333333333333333,4.733333333333333,2.5485756993344526,-1.8599999999999994,0.2,0.3333333333333333,deep_focus,engaged
12f23aa4-4914-4814-8659-59572783cc67,45-54,sleep_induction,12.3,False,23,0.6521739130434783,2.391304347826087,1.37308976184048,-8.41304347826087,0.0,1.0,sleep_induction,loyal
6e4a0876-dc02-49b0-899c-dfe589780e1d,55+,anxiety_relief,8.4,False,16,0.625,3.375,2.9860788111948198,-0.9375,0.125,0.625,anxiety_relief,engaged
047ff94a-33c1-4d3e-a952-fa73a300646a,18-24,deep_focus,20.4,False,20,0.85,3.6,1.8180382718454353,-5.16,0.15,0.55,deep_focus,loyal
2d64e411-8045-4e05-b506-f1b240d30f8c,25-34,deep_focus,30.4,False,14,0.7142857142857143,3.357142857142857,1.7368026705655184,-4.221428571428572,0.07142857142857142,0.5,deep_focus,engaged
29953a06-61e8-41da-a0b4-3a7af5af6d34,35-44,anxiety_relief,53.8,False,16,0.75,3.125,1.784189825476351,-10.11875,0.0625,0.8125,anxiety_relief,engaged
eaceadc0-40ec-4759-8623-e363f2f19465,35-44,deep_focus,26.0,False,11,1.0,5.909090909090909,2.0225995873897262,2.3545454545454536,0.2727272727272727,0.09090909090909091,deep_focus,engaged
2e596ef8-9531-46cd-86cf-371e34e00191,35-44,mood_uplift,47.3,False,17,0.7647058823529411,4.9411764705882355,2.6568446566202857,-0.6117647058823524,0.17647058823529413,0.29411764705882354,mood_uplift,engaged
e5873547-72ac-47d7-9014-1030e26d202b,18-24,mood_uplift,18.8,False,18,0.8333333333333334,4.388888888888889,2.0619490747659373,-0.6722222222222217,0.2222222222222222,0.2777777777777778,mood_uplift,engaged
a945b385-b72c-4029-8e32-a0c66dd28988,18-24,sleep_induction,22.5,False,15,0.5333333333333333,2.4,1.2983506020002014,-11.306666666666667,0.0,0.9333333333333333,sleep_induction,engaged
b4947283-2932-40db-81a7-fe758cf5656c,18-24,sleep_induction,43.0,False,12,0.6666666666666666,2.9166666666666665,1.2401124093721456,-9.983333333333334,0.0,0.8333333333333334,sleep_induction,engaged
fb861638-3154-4c2e-8351-98e5eed06859,18-24,deep_focus,7.8,False,10,0.7,4.8,1.3984117975602022,0.9000000000000001,0.1,0.1,deep_focus,engaged
d8da64e1-2474-4e4d-820f-26790631f960,45-54,sleep_induction,10.5,False,18,0.5555555555555556,2.7222222222222223,1.9037287113808912,-5.744444444444444,0.05555555555555555,0.8888888888888888,sleep_induction,engaged
b4ac53a0-8332-466f-9077-51d662ff6133,25-34,anxiety_relief,69.2,False,26,0.7307692307692307,2.8076923076923075,1.6497085989769407,-9.792307692307693,0.0,0.7307692307692307,anxiety_relief,loyal
83431b9e-2f2e-4518-8281-86c6de30d1d2,25-34,deep_focus,14.8,False,15,0.8,4.4,2.2928460168844436,0.686666666666666,0.26666666666666666,0.3333333333333333,deep_focus,engaged
08b78e09-f4e3-4fd9-8916-c54b1c358f11,55+,sleep_induction,37.4,False,19,0.5789473684210527,2.0526315789473686,1.1772701101619378,-12.952631578947368,0.0,0.9473684210526315,sleep_induction,engaged
72f9de10-800d-4ca1-8d75-e73a58d10caa,35-44,deep_focus,40.1,False,18,0.8333333333333334,4.388888888888889,2.379789632049534,-2.2166666666666672,0.2222222222222222,0.3333333333333333,deep_focus,engaged
e6f239da-5ccc-49db-b0dd-d5ca3265f9ee,35-44,mood_uplift,5.3,False,23,0.7391304347826086,4.130434782608695,2.2013290990607337,2.7086956521739127,0.17391304347826086,0.30434782608695654,mood_uplift,loyal
2db09caa-8e05-40cd-bca8-555225ea7e1b,55+,deep_focus,15.9,False,11,0.5454545454545454,4.454545454545454,3.205109557055308,-0.3181818181818183,0.18181818181818182,0.45454545454545453,deep_focus,engaged
15758936-575f-4cce-8f1e-06d4cd00b4b4,18-24,grief_processing,18.1,True,15,0.8,3.1333333333333333,1.4573295865416045,-6.593333333333333,0.0,0.6666666666666666,grief_processing,engaged
bfeaeec4-f39d-4bbf-9871-98cf1e9641dc,25-34,anxiety_relief,4.7,False,13,0.5384615384615384,3.8461538461538463,2.1152680620571416,0.15384615384615394,0.07692307692307693,0.46153846153846156,anxiety_relief,engaged
c59401b2-cd2f-4b7e-9fe1-a7b91f68c64e,25-34,deep_focus,7.8,True,10,0.7,3.0,1.4142135623730951,-4.090000000000001,0.0,0.6,deep_focus,engaged
a46eb4f6-a820-4463-9712-ccd807fff2bb,25-34,sleep_induction,43.0,False,16,0.625,2.0,1.0954451150103321,-14.125000000000002,0.0,1.0,sleep_induction,engaged
46023492-4e5b-4c74-916f-9fa1811b524f,18-24,deep_focus,20.5,True,18,0.6666666666666666,4.0,2.0,-3.9055555555555554,0.1111111111111111,0.4444444444444444,deep_focus,engaged
9911b53c-ef88-443d-b4d7-c6035857c2ba,45-54,anxiety_relief,39.1,False,14,0.7142857142857143,2.642857142857143,2.3074175660629406,-8.257142857142856,0.07142857142857142,0.7142857142857143,anxiety_relief,engaged
54031091-3330-4a60-bc8d-12eb6072d164,35-44,anxiety_relief,5.2,False,8,0.75,3.625,2.326094212561969,-1.075,0.125,0.625,anxiety_relief,engaged
5c247c53-d6d0-4d15-8a09-fb72a6f6b0c7,35-44,anxiety_relief,60.6,False,19,0.7894736842105263,2.9473684210526314,1.5082618476808298,-6.715789473684212,0.05263157894736842,0.631578947368421,anxiety_relief,engaged
593c27b9-f5b3-4724-abbf-a3e1f0c8deb8,45-54,mood_uplift,44.7,False,20,0.8,5.25,2.4033967191193555,0.9550000000000001,0.35,0.25,mood_uplift,loyal
fa2d301d-69f9-418e-92ce-e7c68eff2409,25-34,deep_focus,58.4,False,12,0.5833333333333334,4.0,1.9069251784911847,-2.7499999999999987,0.08333333333333333,0.3333333333333333,deep_focus,engaged
8ffb5d23-6962-40e8-84be-76c7af294e1f,18-24,deep_focus,32.9,False,18,0.6666666666666666,4.666666666666667,2.5667557916789914,0.44444444444444453,0.3333333333333333,0.3888888888888889,deep_focus,engaged
3a1d38bd-f442-4269-8189-b84c2dbf6109,25-34,anxiety_relief,31.2,False,23,0.6086956521739131,2.739130434782609,1.1761799222424119,-8.617391304347825,0.0,0.6956521739130435,anxiety_relief,loyal
c8ec676d-cea6-4be0-b1f5-afdd49954148,18-24,anxiety_relief,29.9,False,10,0.6,3.7,1.946506842754191,-5.3500000000000005,0.1,0.4,anxiety_relief,engaged
02c2beba-50ca-44e0-b371-9462c5ca1c9e,18-24,deep_focus,6.1,True,12,0.8333333333333334,3.5833333333333335,2.151461800448216,-1.1416666666666668,0.08333333333333333,0.5833333333333334,deep_focus,engaged
02cd1140-f250-4c69-a1a5-ef26529b40b6,35-44,sleep_induction,26.5,True,12,0.25,2.4166666666666665,2.108783937953269,-10.958333333333334,0.08333333333333333,0.9166666666666666,sleep_induction,engaged
18b6e2cd-72a2-4f6c-965e-2b6fdcb9fb47,18-24,sleep_induction,26.4,True,6,0.6666666666666666,2.6666666666666665,1.2110601416389966,-12.783333333333333,0.0,0.8333333333333334,sleep_induction,engaged
1e90e6c0-b879-4817-bf61-b302954cb365,25-34,mood_uplift,5.8,False,13,0.8461538461538461,4.153846153846154,2.5115119565099238,1.7076923076923078,0.23076923076923078,0.3076923076923077,mood_uplift,engaged
af3ee170-b22f-4f23-9b6d-ea2729e865bd,25-34,anxiety_relief,27.0,True,16,0.8125,3.75,1.6124515496597103,-6.2,0.0,0.4375,anxiety_relief,engaged
23201231-53f2-4cdb-a8fe-e1e521bc94a2,45-54,sleep_induction,47.1,False,12,0.6666666666666666,2.0833333333333335,0.90033663737852,-11.325000000000001,0.0,0.9166666666666666,sleep_induction,engaged
b5112a20-9c4c-451b-8e6b-0f355b970141,45-54,deep_focus,42.6,False,24,0.75,3.9166666666666665,2.124733572385768,-4.3374999999999995,0.08333333333333333,0.4166666666666667,deep_focus,loyal
5a8cd516-a2a2-46d6-9561-6aa7951ede34,55+,anxiety_relief,39.4,False,8,0.5,2.0,1.1952286093343936,-13.475000000000001,0.0,0.875,anxiety_relief,engaged
241002c6-3d30-4267-b83a-3cfbb909e397,18-24,anxiety_relief,53.9,False,19,0.7368421052631579,3.6315789473684212,1.9779486094826593,-2.41578947368421,0.15789473684210525,0.42105263157894735,anxiety_relief,engaged
12c6f988-5263-4368-8b66-65dd6f90d12a,45-54,anxiety_relief,57.3,False,13,0.6923076923076923,3.076923076923077,1.3821202589704018,-8.700000000000001,0.0,0.5384615384615384,anxiety_relief,engaged
ed328f38-f659-4fbe-9603-4981a6ac4887,25-34,sleep_induction,33.0,False,10,0.6,2.7,1.2516655570345725,-12.08,0.0,1.0,sleep_induction,engaged
e6219be2-487d-4591-a0fd-151b5f91e345,18-24,grief_processing,51.9,False,16,0.6875,3.5,2.0330600909302543,-5.568750000000001,0.0,0.4375,grief_processing,engaged
9cc669a2-717f-4567-a6c2-0ac893ec34df,18-24,mood_uplift,36.8,False,21,0.8095238095238095,4.476190476190476,2.1821789023599236,-2.7285714285714286,0.19047619047619047,0.3333333333333333,mood_uplift,loyal
594ef09c-3c92-4930-95ec-12a4ff75772f,35-44,deep_focus,53.4,True,9,0.8888888888888888,4.333333333333333,2.8722813232690148,0.3111111111111108,0.2222222222222222,0.3333333333333333,deep_focus,engaged
836e2dcd-bd5d-4f86-9a9b-2ead1001f46c,25-34,deep_focus,6.5,False,17,0.7647058823529411,5.0588235294117645,2.771971054937581,-1.9588235294117646,0.29411764705882354,0.4117647058823529,deep_focus,engaged
2e9fdd23-1205-4478-b442-cb5361f4d0cf,25-34,anxiety_relief,37.5,False,18,0.6666666666666666,2.4444444444444446,1.464168996281919,-9.355555555555556,0.0,0.7222222222222222,anxiety_relief,engaged
acca1747-5a30-4bba-8873-963adf489779,25-34,deep_focus,31.1,True,14,0.5714285714285714,3.357142857142857,1.9057460827371866,-6.707142857142857,0.07142857142857142,0.7142857142857143,deep_focus,engaged
a00ad83d-e2eb-40d9-8f37-5e63cf506bd8,45-54,sleep_induction,16.6,False,16,0.5,2.4375,2.096624270901521,-12.38125,0.0625,0.9375,sleep_induction,engaged
c64949dd-f1dc-403f-8dac-c68cf0c73b89,18-24,anxiety_relief,50.7,False,20,0.65,3.15,1.6630662866176473,-6.3050000000000015,0.05,0.6,anxiety_relief,loyal
24db984f-20e8-4b89-83a4-600cd8d5c47d,18-24,mood_uplift,21.2,True,10,0.7,3.9,2.330951164939612,-2.15,0.1,0.3,mood_uplift,engaged
2d8d1cd1-dd5e-4a05-b17c-8aef32d24317,25-34,sleep_induction,49.7,False,18,0.4444444444444444,2.2222222222222223,1.0032626514091005,-12.805555555555555,0.0,0.8888888888888888,sleep_induction,engaged
af422e24-9950-4f7f-88e0-92f39023666d,35-44,sleep_induction,17.4,False,20,0.45,2.65,1.5312533566021211,-8.36,0.0,0.85,sleep_induction,loyal
9368208d-6219-4ae0-bef9-001ead3e7b23,35-44,anxiety_relief,55.2,False,15,0.8,3.2,1.61245154965971,-7.1133333333333315,0.06666666666666667,0.6666666666666666,anxiety_relief,engaged
69ffdbc7-fb7a-48a2-83c7-60742c357071,18-24,anxiety_relief,27.3,False,22,0.7272727272727273,3.6363636363636362,1.9159842564581973,-3.1090909090909093,0.09090909090909091,0.4090909090909091,anxiety_relief,loyal
f4ca5872-c724-49de-978d-de48650a74cf,18-24,deep_focus,33.9,False,16,0.75,3.8125,2.688710967483613,-1.3625000000000007,0.1875,0.4375,deep_focus,engaged
f11b52b0-5380-4a8d-aafa-606cc315e0ec,25-34,sleep_induction,52.6,False,14,0.6428571428571429,2.2142857142857144,1.05090228108783,-11.828571428571427,0.0,0.8571428571428571,sleep_induction,engaged
9be2ba15-0e68-4887-8971-28a4741aed69,25-34,sleep_induction,66.5,True,22,0.5,1.9090909090909092,0.8111773283374345,-12.886363636363637,0.0,1.0,sleep_induction,loyal
978883fd-ca45-447c-a335-e5c9016ea9a8,35-44,anxiety_relief,39.9,False,10,0.9,3.4,1.3498971154211061,-7.12,0.0,0.5,anxiety_relief,engaged
1b1057bc-aa4a-4fe1-9aa0-c6a53fa28bd0,25-34,anxiety_relief,17.5,False,19,0.47368421052631576,3.1052631578947367,1.2864566686188532,-6.584210526315789,0.0,0.631578947368421,anxiety_relief,engaged
8681343d-dca5-4176-b44f-4be298ebb242,25-34,grief_processing,37.1,False,16,0.75,3.3125,1.9224550276491081,-5.031249999999999,0.0,0.4375,grief_processing,engaged
6afffe5d-5244-46d5-8830-c1949311945a,35-44,anxiety_relief,27.6,False,19,0.7368421052631579,4.052631578947368,2.013114894621608,-3.9842105263157896,0.10526315789473684,0.42105263157894735,anxiety_relief,engaged
73dc9b65-518f-45ca-aa0d-3b2c92a69602,25-34,deep_focus,15.5,False,18,0.6666666666666666,3.7777777777777777,2.414552828056807,-3.5388888888888883,0.16666666666666666,0.5,deep_focus,engaged
99478a0f-4141-4a22-98bb-250cb4195a9d,25-34,anxiety_relief,31.5,False,9,0.5555555555555556,3.0,1.8708286933869707,-9.855555555555554,0.0,0.7777777777777778,anxiety_relief,engaged
66c01064-2b5f-4b4f-a9a1-3c0d5d504d03,18-24,deep_focus,49.7,False,21,0.6666666666666666,4.619047619047619,2.6547352123364485,-2.5571428571428565,0.3333333333333333,0.47619047619047616,deep_focus,loyal
8ad1dc70-bfc2-4001-9e06-95ceb5b95e6a,35-44,deep_focus,23.4,False,17,0.7647058823529411,3.4705882352941178,2.0036730976766,-5.1000000000000005,0.058823529411764705,0.47058823529411764,deep_focus,engaged
ce7a15bb-0306-4ecc-a7a0-dd825ea3b9e9,25-34,sleep_induction,27.6,False,24,0.5416666666666666,2.1666666666666665,1.6594044679962134,-10.862499999999999,0.041666666666666664,0.875,sleep_induction,loyal
ff886b15-41cd-41f4-9873-6a017214597d,25-34,deep_focus,24.5,False,14,0.7857142857142857,3.7142857142857144,2.3996336716761077,-1.6714285714285713,0.14285714285714285,0.42857142857142855,deep_focus,engaged
0f91330f-612d-4507-b3bd-6a486fe6fc3f,18-24,sleep_induction,17.9,False,8,0.875,1.625,0.7440238091428449,-12.450000000000001,0.0,1.0,sleep_induction,engaged
a7fcae6c-e2c5-430e-98a9-1de77db61087,35-44,deep_focus,16.7,False,20,0.7,3.2,2.117595458607661,-2.8449999999999998,0.1,0.5,deep_focus,loyal
0141579a-11c8-4db2-98a1-8c6392c08f4b,25-34,mood_uplift,46.3,False,18,0.8333333333333334,4.5,1.855040827202527,-0.5000000000000008,0.1111111111111111,0.2777777777777778,mood_uplift,engaged
77141537-efaf-40e6-b09b-ab9833be51f6,35-44,mood_uplift,28.0,False,23,0.8695652173913043,4.173913043478261,2.01476761378314,-0.5478260869565218,0.21739130434782608,0.30434782608695654,mood_uplift,loyal
f6d9c6dc-d9e2-4080-a739-c871e1277750,35-44,grief_processing,21.3,False,16,0.8125,3.8125,2.4554361459151544,-3.3375000000000004,0.125,0.375,grief_processing,engaged
d7b24691-aa66-4a9f-b640-a0f6f84ee315,45-54,sleep_induction,3.7,True,16,0.5,2.8125,1.3275918047351754,-4.21875,0.0,0.8125,sleep_induction,engaged
2ffe9c1e-2074-41cf-9084-f793d2fae9d1,25-34,anxiety_relief,32.3,False,11,0.8181818181818182,2.909090909090909,2.0714509627092528,-4.1909090909090905,0.09090909090909091,0.5454545454545454,anxiety_relief,engaged
11316df9-d470-4512-84cd-44144e9dc8eb,35-44,deep_focus,21.5,False,17,0.8235294117647058,3.6470588235294117,2.234423204951007,-3.5999999999999996,0.23529411764705882,0.47058823529411764,deep_focus,engaged
9f38a4dc-2fef-4cfe-9c19-41f2a1014132,45-54,deep_focus,4.4,False,8,0.875,4.875,2.948970764763288,1.4874999999999998,0.25,0.375,deep_focus,engaged
05881c91-e76b-428d-b97f-5ada82f9e50e,35-44,sleep_induction,32.8,False,16,0.6875,2.4375,2.1281838892977896,-10.65625,0.0625,0.8125,sleep_induction,engaged
b626e1b6-51a4-4a49-982b-e5e904d009e5,25-34,anxiety_relief,60.2,False,15,0.6666666666666666,2.8666666666666667,2.6421491973301547,-7.006666666666666,0.06666666666666667,0.6666666666666666,anxiety_relief,engaged
22aa4f05-4c2f-4006-aa3d-274e4606973b,55+,sleep_induction,47.6,False,19,0.631578947368421,2.3684210526315788,1.5709348354753425,-10.06842105263158,0.0,0.8421052631578947,sleep_induction,engaged
3ece2471-6983-408e-a3d3-d78e1ab4a07d,45-54,deep_focus,45.4,False,18,0.7222222222222222,3.1666666666666665,1.8864844365675972,-6.033333333333332,0.05555555555555555,0.6111111111111112,deep_focus,engaged
5290f7d1-7b9a-401b-999c-5bea3b65cfa1,25-34,anxiety_relief,57.4,False,18,0.8888888888888888,4.277777777777778,2.0524176720769085,-1.0499999999999996,0.05555555555555555,0.2777777777777778,anxiety_relief,engaged
e5ed9b85-9e04-4df9-a348-ac920720ed22,55+,mood_uplift,31.5,False,17,0.8235294117647058,4.588235294117647,2.501470155963583,-0.20588235294117646,0.23529411764705882,0.29411764705882354,mood_uplift,engaged
0c45f06b-5257-49fb-a72a-65c9b316fe7d,25-34,mood_uplift,38.1,True,17,0.8823529411764706,3.588235294117647,2.0934070175616757,-5.094117647058824,0.11764705882352941,0.5294117647058824,mood_uplift,engaged
67933a4f-8731-406f-a24d-3995198e6701,25-34,sleep_induction,58.8,False,14,0.5,1.8571428571428572,0.7703288865196433,-12.421428571428573,0.0,0.9285714285714286,sleep_induction,engaged
02d0a65e-86b5-4ecd-8eab-92cc4b20db16,25-34,mood_uplift,28.6,False,14,0.8571428571428571,4.071428571428571,2.5559669467673154,-0.13571428571428612,0.14285714285714285,0.2857142857142857,mood_uplift,engaged
31d1d8b5-78b1-4f50-ae1c-fae48627e3de,55+,mood_uplift,28.1,False,16,0.875,4.6875,2.1515498289992414,-1.93125,0.25,0.3125,mood_uplift,engaged
fcd3fc11-d98b-4eb2-ac3a-07ad7ba6162a,18-24,mood_uplift,14.8,False,14,0.5714285714285714,3.2857142857142856,2.4314785444432596,-4.685714285714286,0.14285714285714285,0.6428571428571429,mood_uplift,engaged
5a74a6db-f946-432a-afa5-4a5f361e2559,25-34,sleep_induction,14.1,False,8,0.875,2.125,1.3562026818605375,-8.1625,0.0,0.875,sleep_induction,engaged
bd922bac-cc18-4a11-b1e4-97efa05fe5c6,35-44,deep_focus,42.1,False,16,0.5625,3.875,3.0523215208537033,-4.5062500000000005,0.25,0.5625,deep_focus,engaged
16526c34-ab71-47df-a2cb-76146dc83040,55+,anxiety_relief,34.6,False,18,0.5,2.888888888888889,1.6764419215528672,-9.972222222222223,0.0,0.7222222222222222,anxiety_relief,engaged
ca504a37-9871-4c04-adeb-5669ecf7c3da,45-54,mood_uplift,18.9,True,18,0.5555555555555556,4.111111111111111,1.9670488163112865,-2.0166666666666675,0.05555555555555555,0.3333333333333333,mood_uplift,engaged
e134638d-205c-48c3-a0c1-b177f0a0e558,18-24,sleep_induction,68.0,False,16,0.5625,3.25,2.016597794967223,-9.45,0.0625,0.75,sleep_induction,engaged
c467605f-35c1-4a87-8ecc-d4002e4ce62d,18-24,sleep_induction,42.4,False,11,0.5454545454545454,2.5454545454545454,1.0357254813546264,-11.954545454545455,0.0,0.9090909090909091,sleep_induction,engaged
20257680-31fa-4115-8b5e-c8d1c4760299,18-24,sleep_induction,24.2,False,22,0.6818181818181818,2.6818181818181817,1.6150000335062251,-10.004545454545454,0.0,0.8636363636363636,sleep_induction,loyal
0e89eb76-d479-4368-aff1-0d7a458c5f5e,25-34,mood_uplift,10.0,False,12,0.8333333333333334,4.0,2.486326242032244,-0.7333333333333334,0.16666666666666666,0.4166666666666667,mood_uplift,engaged
42925884-f292-4d3f-bb6b-a9c9a6649d03,25-34,sleep_induction,30.1,True,20,0.55,2.25,1.3327849749579577,-11.940000000000001,0.0,0.9,sleep_induction,loyal
e42ffecf-1804-427c-ba66-9e393fe45eb5,35-44,deep_focus,61.2,False,18,0.7222222222222222,4.277777777777778,2.7182510717166815,-2.277777777777777,0.2222222222222222,0.5,deep_focus,engaged
65bc84ef-473d-484e-827b-05f62cf2bfc3,25-34,sleep_induction,50.4,False,17,0.6470588235294118,2.4705882352941178,1.280510008689093,-12.888235294117647,0.0,0.9411764705882353,sleep_induction,engaged
c8505344-516e-4d16-a39a-da55d795452f,55+,anxiety_relief,10.1,False,19,0.7368421052631579,3.6842105263157894,1.7337381443621682,-2.6105263157894734,0.05263157894736842,0.5263157894736842,anxiety_relief,engaged
738ebebc-8c0c-4f53-8c27-798f318d5493,25-34,grief_processing,35.2,False,25,0.8,3.24,1.451436070471816,-2.1280000000000006,0.0,0.24,grief_processing,loyal
90371ce2-2296-4400-9859-1ae08cda2b74,18-24,anxiety_relief,11.6,False,20,0.55,3.4,2.137386500526187,-3.3599999999999994,0.05,0.6,anxiety_relief,loyal
becf7319-9c20-4b34-a543-688792aa1b3c,35-44,grief_processing,23.3,True,22,0.8181818181818182,4.318181818181818,1.7011582507043235,-3.1954545454545453,0.045454545454545456,0.2727272727272727,grief_processing,loyal
478c058f-371a-4aa9-966b-5291a7ce3644,18-24,sleep_induction,55.6,True,16,0.5625,2.5,0.9660917830792959,-10.912500000000001,0.0,0.875,sleep_induction,engaged
aecd5705-59ae-42d0-9b7b-fdffc6629f2f,35-44,anxiety_relief,27.6,False,15,0.4666666666666667,3.2,1.5675276256394521,-8.173333333333334,0.0,0.6,anxiety_relief,engaged
50693876-1a56-4835-afd2-02615214121f,45-54,deep_focus,36.4,False,20,0.85,3.75,2.1490511982341367,-2.315,0.2,0.45,deep_focus,loyal
89d82558-f27a-4af9-82ec-9493adba4e9b,25-34,deep_focus,15.0,False,16,0.625,4.6875,2.330057223903882,-1.5937500000000004,0.3125,0.375,deep_focus,engaged
9f5d0279-8cf0-4ac4-bcc3-df833c0eee97,55+,deep_focus,40.1,True,24,0.5833333333333334,4.125,2.1531069562883753,-4.958333333333333,0.125,0.5,deep_focus,loyal
2f7ed038-6fe1-449c-b016-1507b3a027fe,35-44,anxiety_relief,14.3,True,12,0.5833333333333334,3.4166666666666665,2.391588796113782,-4.433333333333333,0.16666666666666666,0.5833333333333334,anxiety_relief,engaged
1e5896b2-bf3a-4f5f-a44c-1aa3049e7c26,35-44,deep_focus,23.3,False,18,0.6111111111111112,4.277777777777778,1.6735153404648675,-2.3611111111111107,0.1111111111111111,0.2777777777777778,deep_focus,engaged
e53534d1-20db-46f8-bd88-8755143715bd,25-34,mood_uplift,18.8,False,14,0.9285714285714286,5.714285714285714,2.4629117048595277,-0.14285714285714274,0.2857142857142857,0.2857142857142857,mood_uplift,engaged
0fefed1c-ec85-46e8-8528-e59a66ff16f7,18-24,mood_uplift,33.0,False,17,0.5882352941176471,3.6470588235294117,2.119586530157127,-6.0588235294117645,0.17647058823529413,0.6470588235294118,mood_uplift,engaged
c63887f2-4a8a-4584-a54b-d524417bda1f,18-24,sleep_induction,50.1,True,11,0.6363636363636364,2.0,1.0954451150103321,-12.381818181818181,0.0,0.9090909090909091,sleep_induction,engaged
34db4cd3-1aec-4857-b29e-3d6a0ad5deb6,45-54,mood_uplift,2.2,False,23,0.7391304347826086,3.9130434782608696,2.043015673820997,-1.047826086956522,0.08695652173913043,0.391304347826087,mood_uplift,loyal
d72522c6-10dd-4b20-81a6-61719c186e59,18-24,mood_uplift,43.1,False,21,0.8095238095238095,4.190476190476191,2.315578709935113,-2.6380952380952367,0.14285714285714285,0.42857142857142855,mood_uplift,loyal
6a183bda-a0bd-45c6-865c-0daeefead5b4,35-44,mood_uplift,57.3,True,18,0.8333333333333334,4.111111111111111,2.348688968186517,-3.5500000000000007,0.2222222222222222,0.4444444444444444,mood_uplift,engaged
45bc1620-f2a8-4447-b656-2095a4557dc8,18-24,mood_uplift,19.7,False,21,0.7142857142857143,4.0,1.8973665961010275,-3.371428571428572,0.09523809523809523,0.42857142857142855,mood_uplift,loyal
dae38aa3-8422-4cec-8327-dc4cf63ccce0,45-54,anxiety_relief,27.8,False,22,0.6363636363636364,3.772727272727273,2.0220644373373933,-5.654545454545455,0.09090909090909091,0.45454545454545453,anxiety_relief,loyal
a3b14ba0-d2f3-484e-97b4-3fbf3b6065ab,25-34,sleep_induction,57.2,False,15,0.6666666666666666,1.8,1.2071217242444348,-12.9,0.0,0.9333333333333333,sleep_induction,engaged
1bce9436-29ea-4169-849e-00e9d350cc8a,35-44,anxiety_relief,48.4,False,18,0.6666666666666666,3.2222222222222223,2.0738017250381584,-7.627777777777778,0.05555555555555555,0.6111111111111112,anxiety_relief,engaged
a8efac88-68cb-467b-b8a5-a7d5864c9ea9,25-34,mood_uplift,58.9,False,12,0.75,3.25,1.712255291076124,-5.125000000000002,0.0,0.5,mood_uplift,engaged
fa05b821-e8cf-44c2-9925-2a3bd0c8a936,18-24,mood_uplift,8.4,True,11,0.45454545454545453,3.909090909090909,2.467976720090587,-1.1181818181818175,0.18181818181818182,0.5454545454545454,mood_uplift,engaged
702c66b5-9a01-4f1f-a792-94df08720bf4,18-24,anxiety_relief,23.5,False,11,0.9090909090909091,3.5454545454545454,2.018099916438052,-1.8818181818181827,0.18181818181818182,0.5454545454545454,anxiety_relief,engaged
65b0859d-84e8-48e5-94a4-550ad2f5a38d,45-54,sleep_induction,39.0,True,16,0.6875,2.125,1.2041594578792294,-12.65625,0.0,0.9375,sleep_induction,engaged
31bdb6ac-f1fc-4eb7-a733-e43794de67bc,18-24,anxiety_relief,15.1,False,15,0.6,2.8666666666666667,1.6417180315870614,-7.7,0.06666666666666667,0.6,anxiety_relief,engaged
f2fad76c-ab78-44fe-a7a3-9f0b0d4b9b56,35-44,sleep_induction,49.0,False,11,0.5454545454545454,2.090909090909091,1.1361818036340359,-12.454545454545455,0.0,1.0,sleep_induction,engaged
c8ba0222-d5b3-43f4-a999-389d627d34ef,45-54,anxiety_relief,26.0,False,24,0.5416666666666666,2.5416666666666665,1.8172881532338392,-8.4625,0.041666666666666664,0.75,anxiety_relief,loyal
2bd5d583-ec14-48f9-a255-03204b4d9495,25-34,anxiety_relief,13.6,False,11,0.6363636363636364,3.090909090909091,2.256304299271065,-4.581818181818181,0.09090909090909091,0.6363636363636364,anxiety_relief,engaged
99603db0-0f59-468e-b88d-ed8331bcce8b,45-54,sleep_induction,40.2,False,20,0.45,2.0,0.7254762501100116,-12.205,0.0,1.0,sleep_induction,loyal
f865f7fa-c669-4e58-b767-4419572f1675,18-24,sleep_induction,27.7,True,15,0.5333333333333333,2.4,1.5491933384829668,-11.306666666666667,0.0,0.8,sleep_induction,engaged
eeb7c34f-6e63-44ca-b34b-0d8274576fc8,18-24,sleep_induction,17.2,False,17,0.5882352941176471,2.235294117647059,1.3476559169863187,-11.641176470588235,0.0,0.9411764705882353,sleep_induction,engaged
a35f2f03-daae-41e2-b6a0-babcfecd2df5,35-44,anxiety_relief,32.7,True,16,0.625,2.875,2.1252450839060106,-9.41875,0.0625,0.75,anxiety_relief,engaged
6439aba2-c654-405d-aec7-fda8c6f78575,25-34,deep_focus,11.8,False,14,0.5714285714285714,3.0714285714285716,1.8999710813299528,-4.971428571428572,0.07142857142857142,0.5714285714285714,deep_focus,engaged
03a36fd7-00e9-47af-81ed-68d98a9703f5,35-44,mood_uplift,19.0,False,13,0.8461538461538461,5.538461538461538,2.817072493901681,0.20000000000000012,0.15384615384615385,0.3076923076923077,mood_uplift,engaged
a9c49bcd-6d7f-4037-bf14-49a003207046,25-34,anxiety_relief,34.6,False,20,0.6,3.05,1.4680814547887788,-7.915000000000001,0.0,0.65,anxiety_relief,loyal
8689c0f8-840a-433a-b1b9-57a244390d77,35-44,anxiety_relief,13.2,False,17,0.7058823529411765,3.0,1.541103500742244,-5.029411764705882,0.0,0.7058823529411765,anxiety_relief,engaged
ef08396d-84d7-4fb9-88be-9470618cd05a,18-24,mood_uplift,35.2,True,17,0.7058823529411765,3.7058823529411766,2.3917751222249377,-5.029411764705881,0.11764705882352941,0.5294117647058824,mood_uplift,engaged
950a0e62-5aa4-42e5-92c3-b78d6ca0f870,35-44,deep_focus,38.5,False,17,0.7058823529411765,3.2941176470588234,2.5190451038625965,-8.335294117647058,0.058823529411764705,0.5882352941176471,deep_focus,engaged
5a20f527-f2fc-408e-92a1-48b9667aa73b,25-34,sleep_induction,12.9,False,8,0.5,2.125,1.5526475085202969,-7.9,0.0,0.875,sleep_induction,engaged
8576f6bf-487b-4870-8e80-b7c1e8a35879,25-34,anxiety_relief,31.0,False,13,0.6923076923076923,3.4615384615384617,2.1838568563966754,-5.538461538461539,0.23076923076923078,0.6153846153846154,anxiety_relief,engaged
0a117b54-192f-4986-8b3c-63f396591952,18-24,sleep_induction,33.0,False,20,0.6,2.4,1.2732056517228265,-10.97,0.0,0.9,sleep_induction,loyal
512edd98-a88e-4bc1-ad27-2cc343c83230,18-24,sleep_induction,22.5,False,26,0.5769230769230769,2.769230769230769,1.7042932214309205,-11.042307692307693,0.038461538461538464,0.9615384615384616,sleep_induction,loyal
3da3ae3a-447e-43a4-b7b4-d32d86aba887,25-34,mood_uplift,51.9,True,12,0.9166666666666666,4.333333333333333,2.424621182533032,-2.8249999999999993,0.25,0.4166666666666667,mood_uplift,engaged
b0b36e78-a6df-4a29-9dbb-dcd4fa3b33fd,25-34,mood_uplift,35.1,False,20,0.8,3.4,2.500526260399472,-5.47,0.15,0.55,mood_uplift,loyal
35ee8e71-4025-4ed7-85a3-ba913babb461,35-44,mood_uplift,27.8,False,16,0.5625,4.0625,1.691892431568863,-3.368749999999999,0.0625,0.25,mood_uplift,engaged
dc8fa699-4478-40ae-a752-0bb0916da7b6,18-24,anxiety_relief,23.6,False,24,0.7083333333333334,3.9166666666666665,1.665941871387048,-4.45,0.041666666666666664,0.4166666666666667,anxiety_relief,loyal
7731369d-78a5-40dd-805b-efdc13946502,35-44,sleep_induction,39.9,False,10,0.8,2.9,1.2866839377079191,-10.620000000000001,0.0,0.9,sleep_induction,engaged
97ba4dc2-d722-4b20-bd05-3af6716ffcd4,25-34,mood_uplift,28.6,False,12,0.8333333333333334,3.4166666666666665,1.8319554050414564,-5.041666666666667,0.08333333333333333,0.5833333333333334,mood_uplift,engaged
53618523-91d8-43be-bb42-58101efa1884,18-24,deep_focus,19.8,False,16,0.6875,3.125,2.217355782608345,-5.012499999999999,0.125,0.6875,deep_focus,engaged
28ac1e9b-a3c1-4ceb-8cae-ca772b8e31f1,25-34,sleep_induction,21.5,False,15,0.5333333333333333,2.0,1.1338934190276817,-12.373333333333335,0.0,0.9333333333333333,sleep_induction,engaged
6ca10e9b-eb82-40d4-b477-ea8cba0e3f4a,35-44,mood_uplift,39.4,False,11,0.5454545454545454,4.2727272727272725,2.3702704103502237,-1.0636363636363626,0.2727272727272727,0.2727272727272727,mood_uplift,engaged
72f5bf21-d5e9-47ec-a6d9-68e25d836742,35-44,anxiety_relief,36.4,False,16,0.6875,3.3125,2.4143667216615343,-5.53125,0.125,0.625,anxiety_relief,engaged
f1872a08-4277-42fc-966e-619fcd4e1c4c,25-34,deep_focus,5.0,False,10,0.7,3.3,1.766981104093143,-1.5699999999999998,0.0,0.6,deep_focus,engaged
26f621a7-d509-478b-a9de-0047b770ff9b,35-44,sleep_induction,16.7,False,8,0.375,1.5,0.7559289460184544,-11.375,0.0,1.0,sleep_induction,engaged
f1b890c2-f85e-44b3-81b0-237d2a3eda6a,35-44,anxiety_relief,73.6,False,19,0.5789473684210527,3.526315789473684,1.9255135260966845,-5.057894736842104,0.05263157894736842,0.5263157894736842,anxiety_relief,engaged
f1849997-55e9-428a-9f6f-4730797779bf,45-54,deep_focus,30.1,False,20,0.75,3.85,2.1588252165910684,-1.7400000000000002,0.2,0.4,deep_focus,loyal
26cdde4a-62e2-43c9-8963-0e8bd709564f,25-34,anxiety_relief,25.4,False,13,0.6923076923076923,4.230769230769231,2.087815690853567,-5.523076923076924,0.15384615384615385,0.5384615384615384,anxiety_relief,engaged
5ee18a49-282a-45cc-9139-c67ce8244e07,35-44,grief_processing,10.0,False,12,0.75,3.9166666666666665,1.729862492345632,0.5666666666666663,0.08333333333333333,0.3333333333333333,grief_processing,engaged
1cf5821e-55d4-488b-8556-0d7bc8ac1299,25-34,deep_focus,52.4,False,10,0.9,3.4,1.7763883459298968,-5.289999999999999,0.1,0.4,deep_focus,engaged
bfec80cb-3623-4687-865e-324aa362f5f2,35-44,deep_focus,6.3,False,15,0.8,3.3333333333333335,2.350278605572013,-1.0333333333333339,0.2,0.4666666666666667,deep_focus,engaged
f4cbcd69-cf48-4d8e-a2dd-01d1f7b68922,35-44,deep_focus,11.1,False,15,0.9333333333333333,4.2,2.2103651928390216,-0.5333333333333338,0.13333333333333333,0.26666666666666666,deep_focus,engaged
cfc02071-bc79-4654-8d16-8d57aaa38209,18-24,anxiety_relief,17.6,False,19,0.631578947368421,2.8421052631578947,1.9511580007420335,-7.821052631578947,0.05263157894736842,0.6842105263157895,anxiety_relief,engaged
fce90c08-6d8c-4794-9cd7-524ac2d3c5d9,25-34,grief_processing,44.0,True,15,0.6,3.1333333333333333,2.1668498091095505,-5.633333333333335,0.06666666666666667,0.4,grief_processing,engaged
745737bb-d02c-47ee-a02d-3292e479e3e4,45-54,mood_uplift,5.7,True,14,0.7857142857142857,3.4285714285714284,1.6035674514745464,-0.5714285714285713,0.14285714285714285,0.42857142857142855,mood_uplift,engaged
b5cd2659-df01-4562-88e8-a97907928bd5,25-34,mood_uplift,48.9,False,11,0.7272727272727273,4.2727272727272725,1.618079669911781,-4.8545454545454545,0.0,0.36363636363636365,mood_uplift,engaged
289cdcf6-dd54-40b4-9546-f711da44327b,35-44,deep_focus,41.7,False,8,0.75,4.375,2.065879266282796,-3.2250000000000005,0.125,0.375,deep_focus,engaged
ec0b938e-1266-48f5-ab7a-ae413f03deb9,25-34,deep_focus,22.5,False,18,0.5555555555555556,3.7777777777777777,2.7558612522821364,-4.488888888888888,0.2222222222222222,0.6111111111111112,deep_focus,engaged
b6024f92-7253-4bef-9ae1-920c3cf25d09,35-44,grief_processing,64.0,False,26,0.7307692307692307,3.230769230769231,2.12240792135145,-5.703846153846154,0.038461538461538464,0.5,grief_processing,loyal
68e01156-fd95-417d-90b9-c332b17361b0,35-44,anxiety_relief,11.0,False,20,0.9,3.7,1.9221698265515623,-3.05,0.1,0.65,anxiety_relief,loyal
e915d54d-fc1c-4435-8318-9c5b262ff8b3,25-34,mood_uplift,18.0,False,17,0.8823529411764706,3.6470588235294117,2.473387769603369,-1.2352941176470593,0.17647058823529413,0.35294117647058826,mood_uplift,engaged
1110dbfc-5103-4794-ac1c-f7c366003806,25-34,anxiety_relief,68.9,False,16,0.5625,3.125,1.3601470508735445,-6.84375,0.0,0.5625,anxiety_relief,engaged
752fddae-4de5-43b8-a553-befd1ec953f1,25-34,sleep_induction,30.3,True,18,0.5,2.7222222222222223,1.0740552924509195,-8.966666666666667,0.0,0.7777777777777778,sleep_induction,engaged
aa1952cf-2681-4e2b-8fdc-4e7310a5fefc,35-44,deep_focus,2.2,False,10,0.6,3.0,1.8257418583505538,-2.69,0.0,0.7,deep_focus,engaged
fba139fc-17d8-49e5-bd01-931e5ff4a8c1,25-34,anxiety_relief,36.9,False,19,0.631578947368421,3.526315789473684,1.8669172764102495,-6.636842105263158,0.10526315789473684,0.631578947368421,anxiety_relief,engaged
ded25a20-3918-4e86-9dc5-8909f9f74e1e,55+,mood_uplift,18.4,False,15,0.8,4.266666666666667,2.1865389045137937,1.7799999999999998,0.3333333333333333,0.26666666666666666,mood_uplift,engaged
0d2999e4-ea3b-4c32-9241-3da23e7523b1,45-54,anxiety_relief,35.6,False,17,0.7647058823529411,3.4705882352941178,2.0346267181851667,-5.070588235294117,0.11764705882352941,0.5294117647058824,anxiety_relief,engaged
e4c78bba-72ea-4957-8711-cc09f041dee4,25-34,deep_focus,40.4,False,19,0.7894736842105263,3.736842105263158,1.8209309360006523,-3.6052631578947367,0.05263157894736842,0.42105263157894735,deep_focus,engaged
f18501ce-7296-4649-9706-5b002354892b,18-24,anxiety_relief,42.3,True,19,0.5263157894736842,2.6315789473684212,1.3420765964144055,-8.647368421052633,0.0,0.7368421052631579,anxiety_relief,engaged
d71b1b7e-9132-4a4c-a82f-93119aa64a18,25-34,anxiety_relief,39.0,False,15,0.6,2.7333333333333334,1.4864467059144133,-5.840000000000001,0.0,0.6,anxiety_relief,engaged
755cf1df-816d-41b2-b777-4b6bb7a787c6,25-34,sleep_induction,33.0,False,19,0.5789473684210527,3.0526315789473686,1.7150861400630166,-11.636842105263158,0.05263157894736842,0.9473684210526315,sleep_induction,engaged
2f9d0223-be8d-43c7-9ace-50f385694ec1,35-44,deep_focus,40.1,False,23,0.6521739130434783,2.869565217391304,1.632186147641671,-8.943478260869567,0.0,0.6956521739130435,deep_focus,loyal
78ef49d5-2d98-4d3e-86b6-001ba6ca5413,45-54,mood_uplift,43.4,False,16,0.8125,4.875,2.093641166325627,0.28125000000000067,0.3125,0.25,mood_uplift,engaged
d19ffc44-4f6b-4e9e-bf18-816af7e9cd50,25-34,deep_focus,12.2,False,17,0.8823529411764706,3.4705882352941178,2.153997651426979,-1.6176470588235292,0.058823529411764705,0.5294117647058824,deep_focus,engaged
35170e39-83ae-4990-bc82-de14cdaa2de2,25-34,sleep_induction,56.6,False,11,0.6363636363636364,2.8181818181818183,1.6011359603844901,-9.990909090909092,0.0,0.8181818181818182,sleep_induction,engaged
96348a28-b211-41dc-ba51-ed1ec329e064,45-54,mood_uplift,24.6,False,15,0.8,4.533333333333333,2.416215064536938,-0.9599999999999997,0.26666666666666666,0.3333333333333333,mood_uplift,engaged
f05813b7-47f0-4280-846a-a3d267a7e508,55+,anxiety_relief,31.1,False,12,0.75,3.5,1.834021909257456,-2.958333333333332,0.16666666666666666,0.4166666666666667,anxiety_relief,engaged
c075422d-a5b1-4d9d-a288-2604afaa59cc,25-34,anxiety_relief,23.9,False,21,0.6666666666666666,3.142857142857143,1.4928400545843576,-5.957142857142857,0.0,0.5238095238095238,anxiety_relief,loyal
91339c48-b4e4-4a32-b4c0-a2f0e60fc3ba,25-34,anxiety_relief,21.4,False,10,0.5,3.4,1.577621275493231,-5.74,0.0,0.5,anxiety_relief,engaged
703a2a9e-d417-46bc-9ecb-db46c1b8c0bd,35-44,sleep_induction,46.5,False,13,0.5384615384615384,2.769230769230769,1.1657505560686465,-14.246153846153845,0.0,1.0,sleep_induction,engaged
ba19b140-a88b-4cb3-8a05-926b9381d2f2,25-34,mood_uplift,14.0,False,12,0.75,3.6666666666666665,1.9694638556693236,-1.0250000000000001,0.25,0.3333333333333333,mood_uplift,engaged
7a956431-81b7-4f60-b75b-c92296e29ca2,55+,deep_focus,43.7,True,24,0.8333333333333334,3.7916666666666665,1.910592138275613,-2.920833333333334,0.16666666666666666,0.2916666666666667,deep_focus,loyal
22d0c0da-23cc-446f-aebf-5eef5608f222,25-34,sleep_induction,13.4,True,11,0.5454545454545454,2.909090909090909,1.7580981459830651,-7.063636363636363,0.09090909090909091,0.9090909090909091,sleep_induction,engaged
6a0fdedb-ae48-4b94-a572-86fe8303c215,25-34,anxiety_relief,19.5,True,24,0.8333333333333334,4.0,2.3219182474467286,-1.5750000000000002,0.20833333333333334,0.4166666666666667,anxiety_relief,loyal
b285912e-bcf5-4529-bc71-078c6c6d3b64,18-24,sleep_induction,16.0,False,9,0.5555555555555556,2.111111111111111,0.927960727138337,-8.511111111111113,0.0,0.8888888888888888,sleep_induction,engaged
89b04f33-6a11-4a8d-a4da-6a6fcf304d8b,25-34,sleep_induction,40.9,False,14,0.6428571428571429,2.2142857142857144,1.3114039117603011,-12.950000000000001,0.0,0.9285714285714286,sleep_induction,engaged
ba341099-8b5d-4c90-a8d6-7a4760ef2113,25-34,mood_uplift,54.1,True,20,0.55,3.45,2.0124611797498106,-5.720000000000001,0.1,0.5,mood_uplift,loyal
705185f5-0541-4b36-be72-87211f05c6de,18-24,mood_uplift,58.1,False,11,0.7272727272727273,4.454545454545454,2.2962419891481978,-0.8818181818181821,0.2727272727272727,0.36363636363636365,mood_uplift,engaged
8bc30954-bd75-4857-a81a-0d99d45de869,18-24,anxiety_relief,18.3,False,7,0.5714285714285714,2.4285714285714284,1.7182493859684491,-5.742857142857143,0.14285714285714285,0.8571428571428571,anxiety_relief,engaged
8f190582-032f-4684-aaea-81ff997785be,45-54,sleep_induction,44.0,False,13,0.38461538461538464,2.5384615384615383,1.2659242088545832,-10.515384615384615,0.0,0.9230769230769231,sleep_induction,engaged
98efd262-ddba-4743-9e71-ae90cecfd41c,35-44,deep_focus,69.0,False,19,0.5789473684210527,4.7894736842105265,2.740213847462377,-1.5578947368421057,0.2631578947368421,0.3684210526315789,deep_focus,engaged
779955f0-fb9f-41bb-8efc-70d14eb02939,25-34,grief_processing,57.3,False,21,0.7142857142857143,3.1904761904761907,1.470341716032284,-8.376190476190477,0.0,0.5238095238095238,grief_processing,loyal
ad617492-98a6-4de8-b373-5d81bab7b4b9,35-44,deep_focus,8.3,False,13,0.6923076923076923,3.4615384615384617,2.331501112137293,-1.9384615384615387,0.07692307692307693,0.38461538461538464,deep_focus,engaged
c504d6ff-f763-4e7d-b5c5-91c0d79244e8,25-34,anxiety_relief,56.4,False,13,0.6923076923076923,3.923076923076923,2.2532028485964326,-5.684615384615383,0.15384615384615385,0.6153846153846154,anxiety_relief,engaged
892ab1e5-019f-4725-883a-e10c8ae47187,25-34,mood_uplift,15.8,False,15,0.7333333333333333,4.0,2.0354009783964297,0.41333333333333366,0.13333333333333333,0.26666666666666666,mood_uplift,engaged
3ed1f224-2a0c-4eec-94ca-5871af1ec7e1,35-44,deep_focus,25.0,False,18,0.7222222222222222,5.111111111111111,2.654383475307765,2.022222222222222,0.5,0.3333333333333333,deep_focus,engaged
a82fd07e-807f-40d3-b1ce-0c39c0e7991d,25-34,anxiety_relief,24.2,False,16,0.75,3.1875,1.682012683265696,-8.6875,0.0,0.6875,anxiety_relief,engaged
38370edb-ee93-4a3b-a540-c74a945e7023,18-24,anxiety_relief,8.6,True,12,0.75,2.75,1.9128750375000738,-5.283333333333332,0.0,0.75,anxiety_relief,engaged
af1171ac-6628-49e8-85f7-9c98f420145b,18-24,mood_uplift,68.4,False,14,0.7142857142857143,4.285714285714286,2.7576068618270453,-2.978571428571428,0.21428571428571427,0.42857142857142855,mood_uplift,engaged
f5a160b9-c73d-4709-9a32-8feb3fb1270f,35-44,anxiety_relief,9.0,False,11,0.8181818181818182,2.8181818181818183,1.4709304414677002,-3.936363636363637,0.0,0.7272727272727273,anxiety_relief,engaged
d5b53670-8539-405b-b88f-51b81de5b65b,25-34,deep_focus,33.5,False,17,0.7058823529411765,3.2941176470588234,2.201269687088367,-5.152941176470589,0.11764705882352941,0.5882352941176471,deep_focus,engaged
0617f59f-0fb5-4880-a2f5-8c1f8fbbf6fb,35-44,sleep_induction,26.3,True,12,0.3333333333333333,1.8333333333333333,0.7177405625652734,-11.074999999999998,0.0,1.0,sleep_induction,engaged
f5280ed7-8010-4c66-bf0a-69a07f36b44e,18-24,sleep_induction,32.9,True,15,0.5333333333333333,2.1333333333333333,0.990430401872025,-12.426666666666668,0.0,1.0,sleep_induction,engaged
cf441451-249d-4fa0-b524-99461860a01e,25-34,anxiety_relief,51.4,True,13,0.6153846153846154,3.3076923076923075,1.3774744634423892,-11.076923076923077,0.0,0.7692307692307693,anxiety_relief,engaged
78aa46d4-a9bf-4331-a625-c20acc0a1f23,18-24,deep_focus,40.0,True,19,0.7894736842105263,4.526315789473684,2.480331990606445,-2.252631578947369,0.3157894736842105,0.3684210526315789,deep_focus,engaged
996ee49c-a402-4623-b4c8-17d4fa8d25d2,35-44,deep_focus,31.8,False,12,0.75,4.666666666666667,3.0550504633038935,0.4249999999999998,0.4166666666666667,0.3333333333333333,deep_focus,engaged
3ab7a1c9-b88e-410e-a222-6d17ed6b2423,25-34,anxiety_relief,53.4,False,16,0.5,3.25,1.4375905768565218,-6.531250000000001,0.0625,0.5625,anxiety_relief,engaged
de70668b-1665-45fe-9729-f9946161ca33,45-54,sleep_induction,15.2,True,9,0.5555555555555556,2.2222222222222223,1.563471919941143,-8.455555555555556,0.0,0.8888888888888888,sleep_induction,engaged
3e5b9ab9-8ae1-449f-a8c0-627a27c97bef,35-44,mood_uplift,34.6,False,26,0.8461538461538461,4.769230769230769,2.388433667618882,-1.1192307692307701,0.2692307692307692,0.34615384615384615,mood_uplift,loyal
7d769e77-33ae-4911-bfd8-765746052cf4,55+,anxiety_relief,57.7,False,12,0.5833333333333334,4.75,3.1079078025403053,-2.0333333333333328,0.3333333333333333,0.5833333333333334,anxiety_relief,engaged
b3b351fb-ef0b-4e35-af29-1710c8e5fc71,18-24,grief_processing,21.2,False,15,0.8666666666666667,3.2666666666666666,1.6676187756655838,-2.6666666666666665,0.0,0.2,grief_processing,engaged
b94dc90e-9d0b-440e-b121-94a35c1ce8b2,25-34,mood_uplift,43.7,False,17,0.7058823529411765,4.647058823529412,3.1412811174461175,-0.45294117647058885,0.23529411764705882,0.29411764705882354,mood_uplift,engaged
7a1b7620-9b9b-4593-b06c-6b385013bd45,25-34,grief_processing,24.6,False,20,0.7,4.05,2.235479461111784,-2.2000000000000006,0.1,0.25,grief_processing,loyal
ec377628-5eba-49de-8a3e-4818b744664c,35-44,sleep_induction,37.3,False,18,0.5,2.888888888888889,2.0548046676563256,-9.294444444444444,0.05555555555555555,0.7777777777777778,sleep_induction,engaged
3de39684-d097-4531-a784-a00882ad88f1,35-44,deep_focus,32.3,False,13,0.8461538461538461,3.923076923076923,1.84668795692624,-2.023076923076924,0.15384615384615385,0.3076923076923077,deep_focus,engaged
c6f0b1a5-ffe6-4435-acc5-32913a4bf04e,35-44,sleep_induction,33.9,False,22,0.45454545454545453,2.1818181818181817,1.1806521053804944,-11.163636363636364,0.0,0.9090909090909091,sleep_induction,loyal
3e30f97c-ade4-44dd-8280-a3e08955baa9,35-44,sleep_induction,15.6,False,12,0.75,2.1666666666666665,1.1934162828797101,-12.15,0.0,1.0,sleep_induction,engaged
ed089199-39df-4a66-967b-137c0434067a,25-34,anxiety_relief,1.8,False,23,0.5217391304347826,2.782608695652174,1.5062452335384542,-1.308695652173913,0.0,0.6956521739130435,anxiety_relief,loyal
7b42ce8a-8c50-4956-8100-94bc8be93a98,18-24,deep_focus,58.5,False,10,0.6,3.2,2.14993539954628,-4.319999999999999,0.1,0.5,deep_focus,engaged
d0cacc6a-7c3e-4fe9-954d-81367f097f2f,25-34,deep_focus,29.7,False,14,0.7142857142857143,3.4285714285714284,1.6035674514745464,-4.807142857142858,0.07142857142857142,0.42857142857142855,deep_focus,engaged
bd81b324-93b3-4e14-83b2-b92a8629e5c6,18-24,grief_processing,13.8,False,11,0.7272727272727273,4.363636363636363,1.2060453783110545,-4.709090909090909,0.0,0.2727272727272727,grief_processing,engaged
1e72e92f-ff0d-44e5-9df5-fdd20761b75e,18-24,anxiety_relief,35.1,False,21,0.7142857142857143,3.3333333333333335,1.4259499757471625,-5.447619047619049,0.0,0.5714285714285714,anxiety_relief,loyal
fa87f6bc-400b-441f-95c5-1743a707899c,55+,deep_focus,51.3,False,15,0.7333333333333333,3.933333333333333,2.5764501233470907,-3.24,0.26666666666666666,0.4666666666666667,deep_focus,engaged
d33e8750-cb21-404e-9f6c-077955764576,45-54,anxiety_relief,27.0,False,13,0.46153846153846156,3.0,1.6329931618554518,-8.746153846153847,0.0,0.6153846153846154,anxiety_relief,engaged
6f2527f7-d8cd-4b50-bafc-6c1295efb2d6,18-24,mood_uplift,27.8,False,16,0.75,4.625,2.729468812791236,0.7375000000000004,0.375,0.3125,mood_uplift,engaged
08ab4bc5-1bc4-4dc9-8c70-fad3e61bfe7b,35-44,anxiety_relief,16.6,False,15,0.6,3.533333333333333,2.133630931623591,-8.093333333333334,0.06666666666666667,0.6666666666666666,anxiety_relief,engaged
3b664bae-1cfc-4e4a-8e71-72912ea68939,35-44,anxiety_relief,13.9,False,19,0.631578947368421,2.9473684210526314,1.5446568914424659,-6.378947368421053,0.05263157894736842,0.6842105263157895,anxiety_relief,engaged
253059b7-6080-4aa7-b663-7da3a44c207c,18-24,sleep_induction,21.3,False,22,0.5909090909090909,2.227272727272727,1.109775532079227,-10.822727272727272,0.0,0.8636363636363636,sleep_induction,loyal
02ecb17b-bff1-4a67-84b0-2561c9134795,35-44,anxiety_relief,39.9,False,17,0.8235294117647058,2.7058823529411766,1.4901638283404002,-9.200000000000001,0.0,0.6470588235294118,anxiety_relief,engaged
3dbbba60-898b-4fda-a6fb-d30eb0950aad,25-34,anxiety_relief,13.1,False,18,0.6666666666666666,2.5555555555555554,1.3382263161373769,-8.572222222222223,0.0,0.8333333333333334,anxiety_relief,engaged
503c9cc0-028e-411d-b70b-cd593210a239,18-24,sleep_induction,16.5,False,14,0.2857142857142857,2.357142857142857,1.3926810257774174,-10.528571428571428,0.0,1.0,sleep_induction,engaged
6d13a5f2-4e86-4f16-a8f8-473bf85aa48e,18-24,anxiety_relief,9.8,False,13,0.9230769230769231,3.5384615384615383,2.0254787341673333,-2.0076923076923077,0.07692307692307693,0.6153846153846154,anxiety_relief,engaged
ba2209c2-9794-4fbf-9d25-119a89414921,18-24,anxiety_relief,35.0,True,26,0.7307692307692307,3.1538461538461537,1.5669666924936902,-8.453846153846154,0.038461538461538464,0.6538461538461539,anxiety_relief,loyal
b9164747-2b20-4c9a-9fb9-5247f23c6ee0,25-34,sleep_induction,30.1,False,19,0.5789473684210527,2.9473684210526314,1.3529262199858298,-12.657894736842104,0.0,0.8947368421052632,sleep_induction,engaged
09f6d7d7-3b29-49fa-9216-d774f813f61f,25-34,deep_focus,25.2,False,16,0.625,3.625,1.857417562100671,-5.21875,0.0,0.625,deep_focus,engaged
366dd803-e0d7-4f7b-9035-acb2a7846684,18-24,sleep_induction,24.6,True,15,0.5333333333333333,2.0,0.9258200997725515,-12.706666666666667,0.0,1.0,sleep_induction,engaged
ccad42f2-d2fe-41f2-919d-70f57cef93ed,18-24,mood_uplift,20.1,False,15,0.7333333333333333,4.466666666666667,2.294921930407801,-0.8533333333333335,0.2,0.4,mood_uplift,engaged
a025b513-aaff-47a9-8f47-3252f951cb00,55+,sleep_induction,37.3,False,21,0.6666666666666666,2.5714285714285716,1.325572652532805,-12.723809523809523,0.0,0.9047619047619048,sleep_induction,loyal
a4c7362b-667d-4171-8935-3018adad9722,35-44,deep_focus,23.1,False,16,0.6875,3.875,2.187083293643233,-3.5187500000000003,0.0625,0.4375,deep_focus,engaged
f239a791-10c8-47b4-bb35-0ec59d6840b8,45-54,deep_focus,15.8,False,17,0.5882352941176471,3.3529411764705883,2.0291986247835694,-4.188235294117646,0.058823529411764705,0.5294117647058824,deep_focus,engaged
6b717bf6-34df-4a8b-9cb7-3e805f30358d,35-44,mood_uplift,24.1,False,16,0.8125,4.625,2.3909551787239063,0.18750000000000033,0.25,0.25,mood_uplift,engaged
3a52d782-dd33-4ec4-a2cb-88d61722270a,35-44,mood_uplift,61.9,False,5,0.8,4.8,2.8635642126552705,1.0800000000000012,0.6,0.4,mood_uplift,engaged
1ceee526-6102-49f9-97a7-58458903df5f,35-44,sleep_induction,37.6,False,10,0.9,2.4,1.3498971154211057,-9.719999999999999,0.0,0.9,sleep_induction,engaged
dccd2014-4953-4447-968c-2390cf30c180,25-34,deep_focus,48.8,False,9,0.7777777777777778,3.7777777777777777,3.2702361450580972,-3.9777777777777783,0.3333333333333333,0.6666666666666666,deep_focus,engaged
17f4a7f5-4097-4bcf-98aa-c1cf7cbac8a4,45-54,sleep_induction,28.6,False,9,0.5555555555555556,3.3333333333333335,1.5,-8.011111111111111,0.1111111111111111,0.7777777777777778,sleep_induction,engaged
e6eb96b3-4de9-4686-8335-a5913833bd01,55+,deep_focus,22.9,False,16,0.6875,3.5,1.591644851508443,-6.387499999999999,0.0625,0.5,deep_focus,engaged
42056cfa-4937-4784-8454-5199f6d750e3,18-24,grief_processing,57.0,False,22,0.8181818181818182,4.454545454545454,2.463587641888161,-2.6181818181818186,0.18181818181818182,0.36363636363636365,grief_processing,loyal
9349dad0-4e1d-43f3-a537-6d23fd391f8d,35-44,mood_uplift,38.8,False,24,0.7916666666666666,4.916666666666667,1.8862584696941065,0.9041666666666668,0.25,0.25,mood_uplift,loyal
8fda4150-cd4d-4a17-8cb3-ccb70d3198ce,18-24,mood_uplift,20.3,False,16,0.6875,4.1875,2.2573952541221782,-0.4499999999999995,0.1875,0.3125,mood_uplift,engaged
58c672d1-db52-4589-98b2-902ce9eedcc0,25-34,grief_processing,33.3,False,21,0.9047619047619048,3.9523809523809526,1.8835124230062958,-1.3428571428571436,0.047619047619047616,0.23809523809523808,grief_processing,loyal
5396cd5b-19f5-4e3a-af6d-3d81a09efde4,18-24,anxiety_relief,26.4,True,10,0.7,3.1,1.728840330651992,-10.3,0.0,0.7,anxiety_relief,engaged
b878fe53-cce3-4314-b0ea-16dfb14af255,45-54,deep_focus,50.9,False,12,0.6666666666666666,2.9166666666666665,2.3532698077098573,-8.591666666666667,0.0,0.6666666666666666,deep_focus,engaged
3d98b2ae-cb11-42b2-95b0-67b1339f9c4e,55+,sleep_induction,26.1,False,15,0.6666666666666666,2.933333333333333,1.98086080374405,-12.673333333333334,0.06666666666666667,0.9333333333333333,sleep_induction,engaged
8c8f5366-ee2c-4a10-921c-cec03313532f,18-24,anxiety_relief,47.1,True,12,0.6666666666666666,3.6666666666666665,1.9227505550564006,-3.4166666666666665,0.08333333333333333,0.4166666666666667,anxiety_relief,engaged
054025f7-eb6d-4c57-b02e-56c7febdf82b,35-44,anxiety_relief,41.6,False,22,0.5454545454545454,2.590909090909091,1.4362348564112217,-9.19090909090909,0.0,0.6818181818181818,anxiety_relief,loyal
c929c0fe-a35e-41e1-8e5a-70007376547e,35-44,deep_focus,43.4,True,16,0.5625,4.0625,3.04343555870664,-1.2000000000000004,0.25,0.4375,deep_focus,engaged
0c157f9c-3aae-47d2-944b-280338149d0c,18-24,sleep_induction,29.1,False,13,0.46153846153846156,2.230769230769231,0.9268086959962983,-14.584615384615384,0.0,1.0,sleep_induction,engaged
dd19a3d4-3e0f-4eaf-a83d-83845ecfa357,18-24,sleep_induction,14.0,True,27,0.7037037037037037,2.6296296296296298,1.757361399462014,-7.859259259259259,0.037037037037037035,0.8518518518518519,sleep_induction,loyal
22ac6edc-cfc5-430d-b409-b7d43e1f294a,35-44,deep_focus,36.6,False,21,0.6666666666666666,3.761904761904762,2.142539659020619,-1.076190476190477,0.14285714285714285,0.3333333333333333,deep_focus,loyal
31cad42f-c68b-43ee-851b-62b7865d3648,55+,mood_uplift,20.9,False,13,0.9230769230769231,4.0,2.23606797749979,-1.8769230769230778,0.15384615384615385,0.23076923076923078,mood_uplift,engaged
1666a1b2-8d4c-4c21-b83b-1c22d5301aa1,18-24,anxiety_relief,71.0,False,20,0.75,3.2,1.4725559590832462,-6.250000000000003,0.1,0.5,anxiety_relief,loyal
e6360198-4137-4ec5-a626-abb9aa66dd1e,25-34,sleep_induction,44.7,False,11,0.6363636363636364,1.9090909090909092,0.8312094145936335,-13.581818181818182,0.0,1.0,sleep_induction,engaged
6c539327-8b99-4fca-b3a3-2bf6dfb30377,35-44,grief_processing,41.0,False,23,0.6956521739130435,3.869565217391304,1.3247417527437002,-4.543478260869565,0.0,0.34782608695652173,grief_processing,loyal
1d3b0b94-d6b5-4027-a1c5-11a9dce84a5b,35-44,sleep_induction,47.9,False,16,0.4375,2.5625,1.030776406404415,-14.4,0.0,1.0,sleep_induction,engaged
6cce782e-24f3-4a1b-a3ea-17180cd02c34,55+,grief_processing,5.6,False,18,0.7222222222222222,4.111111111111111,1.9670488163112863,-0.7833333333333334,0.05555555555555555,0.3333333333333333,grief_processing,engaged
af6b37a7-acb6-4735-9fb5-470e72609e08,25-34,anxiety_relief,30.1,True,21,0.5714285714285714,3.0476190476190474,1.9868616075658232,-8.733333333333334,0.047619047619047616,0.7142857142857143,anxiety_relief,loyal
1d6fc4d9-48b4-4716-89a7-f42a6c35b09f,25-34,deep_focus,18.2,False,12,0.75,3.5833333333333335,2.151461800448216,-4.8500000000000005,0.16666666666666666,0.5,deep_focus,engaged
f13df282-8b28-4a0c-952e-2ca42299c488,25-34,anxiety_relief,2.7,False,16,0.5,2.125,0.9574271077563381,-5.0249999999999995,0.0,0.9375,anxiety_relief,engaged
d4a209f1-100c-4a4b-bc15-403ce9432a69,25-34,anxiety_relief,62.4,False,18,0.8333333333333334,2.9444444444444446,1.7977836754712313,-8.044444444444444,0.05555555555555555,0.6666666666666666,anxiety_relief,engaged
8cea90ca-a180-4bac-a2e6-9c2b8f2dae4e,25-34,anxiety_relief,38.1,False,17,0.8823529411764706,3.588235294117647,2.0328189641914673,-3.200000000000001,0.0,0.4117647058823529,anxiety_relief,engaged
d4d52e94-ddec-45d5-9805-531ef9619d67,25-34,sleep_induction,50.1,True,15,0.6,2.2,0.8618916073713346,-12.373333333333335,0.0,0.9333333333333333,sleep_induction,engaged
d79c96ff-81aa-4d6e-8042-d39c209e4708,35-44,deep_focus,23.0,False,13,0.8461538461538461,3.4615384615384617,1.1982893790305562,-3.4538461538461536,0.07692307692307693,0.46153846153846156,deep_focus,engaged
4f9dc552-15ab-49d4-b0ea-eec6168d6a88,18-24,deep_focus,16.7,False,17,0.7647058823529411,4.235294117647059,1.4802622979013669,-2.835294117647059,0.058823529411764705,0.35294117647058826,deep_focus,engaged
dd26bb43-b8a0-4cb2-8288-700d1d8d946d,35-44,sleep_induction,25.0,False,10,0.9,2.6,1.07496769977314,-11.73,0.0,0.9,sleep_induction,engaged
641cac9a-3469-4f22-a44f-b4046efb21f5,25-34,anxiety_relief,43.7,False,13,0.7692307692307693,2.769230769230769,1.640825308284734,-6.338461538461538,0.0,0.6153846153846154,anxiety_relief,engaged
c142c34a-fdad-4a46-a41c-3c457cd7f69f,25-34,grief_processing,44.0,False,17,0.8823529411764706,4.117647058823529,2.027386030741817,-3.870588235294118,0.11764705882352941,0.35294117647058826,grief_processing,engaged
2d712567-e084-4af7-a98a-e99194037cec,35-44,grief_processing,18.0,False,13,0.6923076923076923,3.769230769230769,1.535895295576609,-2.230769230769231,0.0,0.3076923076923077,grief_processing,engaged
39eacf4f-f8f7-42f3-bdbe-78ce96f33597,35-44,deep_focus,18.2,True,12,0.4166666666666667,3.1666666666666665,2.2087978356535665,-6.666666666666667,0.08333333333333333,0.75,deep_focus,engaged
6d363827-536c-45da-8a8b-2f123bb19b70,35-44,anxiety_relief,16.8,False,10,0.8,3.3,2.110818693198342,-3.5599999999999996,0.2,0.6,anxiety_relief,engaged
47fb8531-6e73-4763-a63c-375cfbea7dee,55+,sleep_induction,39.8,False,14,0.2857142857142857,2.2142857142857144,1.4238934396479703,-13.671428571428569,0.0,1.0,sleep_induction,engaged
6f638d03-21e3-42ea-a3b2-6f7a29d96543,35-44,sleep_induction,15.5,False,16,0.5625,2.6875,1.078192932642391,-9.05625,0.0,0.75,sleep_induction,engaged
761ea5bd-9448-44a2-a60e-c9c96e496c5d,45-54,anxiety_relief,51.9,False,20,0.65,2.6,1.818038271845435,-10.629999999999999,0.0,0.8,anxiety_relief,loyal
2bc97fd1-c604-4d67-861c-53830144b13c,25-34,anxiety_relief,34.7,False,20,0.6,2.9,2.023545611570261,-6.445,0.1,0.6,anxiety_relief,loyal
76f186be-6fe4-4c7b-8b31-967238a6e74f,25-34,sleep_induction,45.0,False,15,0.7333333333333333,1.8,0.8618916073713346,-11.32,0.0,0.8666666666666667,sleep_induction,engaged
30c0daf4-05d7-4e0b-8a08-abe8c7c7fe4c,18-24,deep_focus,20.6,False,18,0.6111111111111112,4.277777777777778,2.444815776905601,-3.122222222222222,0.1111111111111111,0.3333333333333333,deep_focus,engaged
8fccc516-bac7-4c35-b844-2ac539b4ec27,25-34,mood_uplift,31.8,False,18,0.4444444444444444,3.7222222222222223,2.295918515554365,-3.35,0.1111111111111111,0.5,mood_uplift,engaged
8f6487b2-1b9e-4f57-840c-920f8d7ac10b,25-34,deep_focus,13.4,False,17,0.6470588235294118,3.4705882352941178,2.2670919439566055,-1.7117647058823533,0.17647058823529413,0.4117647058823529,deep_focus,engaged
5c0b5750-c940-4465-8634-08a073e70359,18-24,anxiety_relief,54.6,False,15,0.26666666666666666,2.6,1.6388149028228558,-10.146666666666667,0.0,0.8,anxiety_relief,engaged
05baae6e-a884-4262-8c0d-92a94a9bba4f,35-44,anxiety_relief,39.8,False,18,0.8333333333333334,3.2222222222222223,2.289504327438469,-5.777777777777778,0.1111111111111111,0.5555555555555556,anxiety_relief,engaged
be566ad9-970d-4820-aef4-7491a3550ddd,25-34,deep_focus,53.6,False,17,0.8235294117647058,5.294117647058823,2.3389288649495343,1.6176470588235294,0.29411764705882354,0.11764705882352941,deep_focus,engaged
85e30141-e710-45b9-af01-8b83ccc0affb,25-34,anxiety_relief,9.4,False,17,0.6470588235294118,2.764705882352941,1.8210371963768988,-4.094117647058823,0.0,0.7058823529411765,anxiety_relief,engaged
e5460e55-b503-46ab-9aeb-481bbdde40e9,25-34,sleep_induction,7.1,False,11,0.7272727272727273,2.909090909090909,1.8140862964338524,-6.2,0.09090909090909091,0.8181818181818182,sleep_induction,engaged
27102c23-f04f-4afb-a2cf-59bedef78168,45-54,anxiety_relief,33.2,False,12,0.6666666666666666,3.5,1.9771421064483221,-7.683333333333333,0.08333333333333333,0.75,anxiety_relief,engaged
5c281977-a8eb-45a9-ad0d-c22f2226b1e8,25-34,mood_uplift,32.3,False,20,0.75,3.7,1.8945906376340318,-4.535,0.05,0.4,mood_uplift,loyal
a8dec6b9-13c1-4a21-8ed6-56805d6e9850,35-44,sleep_induction,20.7,False,15,0.5333333333333333,2.6666666666666665,1.543033499620919,-9.740000000000002,0.0,0.8,sleep_induction,engaged
bf492fed-8228-4dc9-8a73-e37704bc3946,35-44,mood_uplift,55.3,False,10,0.8,4.4,2.6331223544175333,-1.36,0.2,0.3,mood_uplift,engaged
3c831a10-954a-46d2-a78c-b1b76f50a243,45-54,deep_focus,21.3,False,16,0.8125,4.875,1.927865832122834,-3.2124999999999995,0.25,0.4375,deep_focus,engaged
6d487482-7020-49aa-b7bb-78a140dcb5b6,18-24,deep_focus,22.1,False,11,0.6363636363636364,4.2727272727272725,2.76010539983201,-1.9272727272727268,0.18181818181818182,0.45454545454545453,deep_focus,engaged
02c67541-c0f9-4c9e-938e-44f64f5f30d1,25-34,sleep_induction,62.1,True,18,0.6666666666666666,2.888888888888889,1.1826634392157036,-9.2,0.0,0.7777777777777778,sleep_induction,engaged
a7e1e953-849c-4a21-b2c5-bcbac95000b3,18-24,sleep_induction,32.2,False,18,0.6111111111111112,2.0555555555555554,1.2113299556429322,-11.483333333333334,0.0,0.8888888888888888,sleep_induction,engaged
c0489eaa-f20b-4155-8091-95b3cce564df,25-34,anxiety_relief,4.6,False,15,0.7333333333333333,3.1333333333333333,1.245945806357946,-0.9733333333333333,0.0,0.5333333333333333,anxiety_relief,engaged
eeaea8c7-2049-4771-8667-8f80ab397f58,18-24,sleep_induction,21.7,False,14,0.7857142857142857,2.857142857142857,2.0326997151247235,-10.928571428571429,0.07142857142857142,0.9285714285714286,sleep_induction,engaged
670ffd89-fcee-4866-bc69-48ab270c1397,35-44,mood_uplift,52.1,False,10,0.6,4.1,2.9981475762358474,-4.390000000000001,0.2,0.5,mood_uplift,engaged
05b27b30-1b3e-4e53-9430-07525957cb52,25-34,anxiety_relief,22.8,True,15,0.7333333333333333,3.3333333333333335,2.0930724738891344,-5.78,0.06666666666666667,0.5333333333333333,anxiety_relief,engaged
c9103b47-9c24-4443-bbe6-cec8d0991aa1,18-24,anxiety_relief,21.1,True,23,0.4782608695652174,3.217391304347826,2.1523036651907823,-5.478260869565218,0.17391304347826086,0.7391304347826086,anxiety_relief,loyal
fc273fa4-a873-4406-af0b-20b9b2eff798,25-34,anxiety_relief,26.2,False,16,0.75,2.875,1.746424919657298,-7.025,0.0,0.6875,anxiety_relief,engaged
5004f3ab-9e17-4591-aa9f-d5b3807cbc6d,25-34,deep_focus,69.3,False,10,0.8,3.7,2.0575065816014617,-5.3100000000000005,0.1,0.4,deep_focus,engaged
51d8aaec-5bdc-4f84-b94e-a9bfb91d8276,55+,mood_uplift,53.0,False,15,0.7333333333333333,3.7333333333333334,2.3744673588186544,-1.3733333333333333,0.26666666666666666,0.4,mood_uplift,engaged
d954a034-8497-4e46-88d3-9281838137ea,25-34,anxiety_relief,12.3,True,23,0.6086956521739131,3.130434782608696,1.713697433411345,-6.465217391304349,0.0,0.6086956521739131,anxiety_relief,loyal
b7e92b67-7b1b-4203-8467-278992722e9e,55+,deep_focus,3.8,False,20,0.55,3.6,2.326053807586891,-1.175,0.15,0.7,deep_focus,loyal
b265dbcd-db4b-4960-84e9-5c90c7bec6cc,18-24,anxiety_relief,80.3,False,15,0.6,3.066666666666667,2.016597794967223,-5.493333333333334,0.06666666666666667,0.5333333333333333,anxiety_relief,engaged
3b79ddde-77f2-42d9-a7ba-7a09322adad4,35-44,sleep_induction,84.4,False,15,0.4,2.2,1.0823255385643318,-13.926666666666668,0.0,1.0,sleep_induction,engaged
fc5fac93-8530-4724-9f1d-2e61043b036b,18-24,sleep_induction,55.3,False,11,0.45454545454545453,2.090909090909091,1.300349603340998,-12.190909090909093,0.0,1.0,sleep_induction,engaged
70584ff3-6e1e-4843-9555-83c9a70e0e9f,25-34,sleep_induction,41.0,False,23,0.6086956521739131,2.9130434782608696,1.7297672854057793,-9.569565217391304,0.0,0.6956521739130435,sleep_induction,loyal
f8edbe84-c61c-4061-b7c7-163d959a61dc,35-44,anxiety_relief,24.6,True,12,1.0,4.083333333333333,2.2343733444579583,-3.25,0.08333333333333333,0.3333333333333333,anxiety_relief,engaged
c1404c8a-0bed-45cf-8dae-3231c571581b,35-44,sleep_induction,26.5,False,23,0.4782608695652174,2.5217391304347827,1.8797863809339252,-11.804347826086957,0.043478260869565216,0.9130434782608695,sleep_induction,loyal
155baf8d-d957-46ab-b33f-483701e8a4bb,45-54,mood_uplift,43.6,False,13,0.8461538461538461,4.769230769230769,2.27866357593825,-0.6461538461538461,0.3076923076923077,0.3076923076923077,mood_uplift,engaged
adbcb5f4-af1e-43fa-a298-b975cf11dde2,25-34,mood_uplift,75.5,False,12,0.8333333333333334,4.0,1.4142135623730951,-4.141666666666668,0.0,0.4166666666666667,mood_uplift,engaged
650b3827-d53b-4569-9ee7-08c5a495abb1,25-34,sleep_induction,43.5,False,16,0.3125,2.0625,0.8539125638299666,-12.65,0.0,1.0,sleep_induction,engaged
0a92fb83-f289-42b7-8fd0-a575746e8f92,18-24,anxiety_relief,39.8,True,21,0.7142857142857143,2.380952380952381,1.1169686869465265,-10.39047619047619,0.0,0.7619047619047619,anxiety_relief,loyal
6ccf94b6-90d6-4b40-bb92-96aa1d2b8904,18-24,mood_uplift,19.9,False,22,0.7272727272727273,4.136363636363637,2.0997835386274724,-0.21363636363636368,0.18181818181818182,0.2727272727272727,mood_uplift,loyal
243e1322-e464-40fc-87db-5bcdeb029979,35-44,grief_processing,8.6,False,13,0.8461538461538461,3.769230769230769,1.832750490103429,-2.761538461538462,0.0,0.38461538461538464,grief_processing,engaged
ee7bdec6-0659-400d-9d90-15803e9f5c58,45-54,anxiety_relief,14.1,True,18,0.7222222222222222,3.5,1.6179144164088313,-3.816666666666667,0.05555555555555555,0.5555555555555556,anxiety_relief,engaged
92845209-db6f-47bb-a4fa-0fe2f75edf92,35-44,anxiety_relief,7.3,False,21,0.7619047619047619,2.857142857142857,1.9309509130403673,-3.3,0.047619047619047616,0.6190476190476191,anxiety_relief,loyal
b95619ab-eb03-4160-8b34-fac5664b2441,18-24,sleep_induction,58.2,True,19,0.47368421052631576,2.210526315789474,1.0841764600337105,-12.852631578947369,0.0,0.9473684210526315,sleep_induction,engaged
fe52e1f3-beaa-4d4e-b983-4ff8047919ca,25-34,deep_focus,26.2,False,17,0.5294117647058824,3.4705882352941178,2.0346267181851663,-7.417647058823529,0.0,0.5882352941176471,deep_focus,engaged
180069b3-1d41-4d91-9e5c-7a0c42721b6d,25-34,sleep_induction,20.7,False,14,0.7857142857142857,2.9285714285714284,1.9792883614022536,-10.614285714285714,0.0,0.8571428571428571,sleep_induction,engaged
4ada47e4-27c1-47a3-be07-988c950d979c,35-44,anxiety_relief,12.6,False,13,0.6923076923076923,3.769230769230769,2.087815690853567,-2.261538461538461,0.07692307692307693,0.46153846153846156,anxiety_relief,engaged
353aff80-8848-4c60-8215-79f2bd0e0be6,45-54,anxiety_relief,9.4,False,16,0.625,2.8125,1.796988221070652,-5.418749999999999,0.0625,0.75,anxiety_relief,engaged
4b7605bc-6b07-4e07-9334-b6088fb61e46,35-44,mood_uplift,20.1,False,18,0.7777777777777778,4.166666666666667,2.479326284200894,-1.022222222222222,0.2777777777777778,0.4444444444444444,mood_uplift,engaged
6a56c56f-5583-4250-8f3d-ec4069208d53,35-44,deep_focus,21.6,False,19,0.7894736842105263,3.4210526315789473,2.008752777048048,-3.8736842105263154,0.05263157894736842,0.42105263157894735,deep_focus,engaged
c0548d49-e75e-42d8-848d-bffde3bf69c4,25-34,sleep_induction,18.8,False,22,0.45454545454545453,2.0,1.023532631438318,-11.586363636363636,0.0,1.0,sleep_induction,loyal
bd20bf16-b38c-4d86-b662-4991be7f58c7,35-44,anxiety_relief,42.7,False,20,0.65,3.0,1.7471781760734562,-8.55,0.0,0.6,anxiety_relief,loyal
bc2ad28e-4ec7-42db-bb70-1f4aacd2ad8d,25-34,anxiety_relief,56.2,False,11,0.6363636363636364,3.909090909090909,1.8140862964338527,-6.7272727272727275,0.0,0.45454545454545453,anxiety_relief,engaged
1eaa408a-4140-4d83-b793-4883a9b6e6db,25-34,mood_uplift,15.8,False,21,0.7142857142857143,4.095238095238095,2.233937373893053,-2.338095238095238,0.14285714285714285,0.38095238095238093,mood_uplift,loyal
902a96ba-7a3d-4f5e-9dba-b345e88e4502,55+,mood_uplift,51.4,False,17,0.7058823529411765,4.882352941176471,2.0579830217101063,0.11176470588235286,0.23529411764705882,0.17647058823529413,mood_uplift,engaged
ece27bd5-67e1-4093-81fc-e27d8f4bed2b,18-24,sleep_induction,40.3,False,14,0.5714285714285714,2.5,1.2247448713915892,-12.5,0.0,0.9285714285714286,sleep_induction,engaged
f5a35fc6-0809-4356-bd39-a068010fdf10,35-44,anxiety_relief,39.2,False,18,0.7222222222222222,3.0555555555555554,1.7647603477433758,-6.805555555555554,0.05555555555555555,0.6666666666666666,anxiety_relief,engaged
03cd6f62-e722-4ae4-887e-c9fa64a23a99,25-34,deep_focus,38.8,False,13,0.7692307692307693,5.230769230769231,2.454718115312026,-0.3461538461538456,0.38461538461538464,0.23076923076923078,deep_focus,engaged
6b048b66-0aaf-42cf-9ce0-ce81685a2f78,18-24,sleep_induction,9.2,False,15,0.4666666666666667,2.933333333333333,1.4375905768565218,-5.126666666666667,0.0,0.8,sleep_induction,engaged
774dac61-7d20-4597-9c4e-fa775ffc874f,35-44,anxiety_relief,18.3,False,10,0.5,2.1,1.1972189997378648,-10.35,0.0,0.8,anxiety_relief,engaged
83b70d88-795a-44d8-b284-c3b2673e7df7,18-24,mood_uplift,20.9,False,19,0.7368421052631579,3.5789473684210527,1.6771599497591227,-4.71578947368421,0.05263157894736842,0.5789473684210527,mood_uplift,engaged
6b45c70f-52c6-4973-8fd1-5553bd023544,18-24,deep_focus,35.8,False,11,0.5454545454545454,3.909090909090909,2.165850662190053,-4.954545454545454,0.18181818181818182,0.45454545454545453,deep_focus,engaged
75d49c62-618f-42ed-a539-14ce15066cfb,35-44,mood_uplift,45.3,False,20,0.8,4.2,2.142305693455191,-0.39,0.15,0.25,mood_uplift,loyal
34a0eb68-7148-4e02-847c-015c53c5ab7c,35-44,deep_focus,73.6,False,18,0.7777777777777778,5.055555555555555,2.7540819378263675,-0.22777777777777747,0.3333333333333333,0.3888888888888889,deep_focus,engaged
588a8e7c-fe4f-43d0-93a8-a947daa9ac9a,45-54,anxiety_relief,54.2,True,24,0.75,2.5833333333333335,1.5857152183236396,-8.254166666666666,0.041666666666666664,0.7083333333333334,anxiety_relief,loyal
42d504c2-f570-45ed-b196-4601035e34e0,25-34,mood_uplift,11.7,True,12,0.6666666666666666,4.75,2.6328346286499236,0.9416666666666669,0.25,0.3333333333333333,mood_uplift,engaged
9609f393-a698-4c5b-9902-3ad376f18d65,55+,mood_uplift,49.9,False,20,0.85,4.2,2.30788123383195,-0.6949999999999996,0.25,0.35,mood_uplift,loyal
89c4cc8b-63fa-4a98-9e89-698683b7baa7,25-34,anxiety_relief,17.1,False,16,0.625,3.0,1.7888543819998317,-7.73125,0.0625,0.75,anxiety_relief,engaged
a5b62262-cc09-4589-88a6-e1b34368b65c,18-24,sleep_induction,25.9,True,22,0.5454545454545454,2.272727272727273,0.8270324564263992,-12.613636363636363,0.0,1.0,sleep_induction,loyal
63522344-d8d9-44be-a7db-e72ea5813e36,18-24,anxiety_relief,33.8,False,16,0.3125,2.5625,2.25,-10.137500000000001,0.0625,0.8125,anxiety_relief,engaged
23017e85-e12d-42af-9364-a79dff9a27f3,25-34,sleep_induction,33.0,False,20,0.55,2.2,0.9514531821875089,-13.254999999999999,0.0,0.95,sleep_induction,loyal
f971f7d4-d287-4618-a59d-cc84e693e411,25-34,anxiety_relief,25.4,False,19,0.8947368421052632,3.8421052631578947,1.6419215671732126,-5.068421052631579,0.05263157894736842,0.42105263157894735,anxiety_relief,engaged
b86d80ae-d6b3-49e1-b0f2-6f86d098a4ba,45-54,sleep_induction,33.9,False,16,0.6875,2.125,0.7187952884282609,-12.33125,0.0,1.0,sleep_induction,engaged
988c8f3a-b5b6-46d8-96d7-55bb4aa34c1a,25-34,grief_processing,30.5,False,11,0.8181818181818182,4.0,1.4142135623730954,-3.6181818181818177,0.0,0.36363636363636365,grief_processing,engaged
6255f3c5-485c-44f1-9464-efa5513236e3,35-44,anxiety_relief,28.0,False,17,0.35294117647058826,2.823529411764706,1.5506165756581742,-8.735294117647058,0.0,0.8235294117647058,anxiety_relief,engaged
5d463f95-bf8d-44ad-a317-bc563c852f5d,25-34,grief_processing,76.1,False,15,0.8666666666666667,4.066666666666666,2.016597794967223,-0.060000000000002274,0.0,0.2,grief_processing,engaged
86785a1e-42a4-4e47-ad14-a875def2f7ea,35-44,anxiety_relief,25.5,False,16,0.8125,3.25,1.5275252316519468,-6.1625,0.0,0.5,anxiety_relief,engaged
c82be50f-5c16-448d-bf7c-f4b3fc58f14e,45-54,mood_uplift,60.3,False,20,0.9,4.45,2.1636956688426454,0.49500000000000083,0.2,0.25,mood_uplift,loyal
415cf3dd-eb4d-485c-8053-3c4de574ca40,25-34,sleep_induction,6.3,False,13,0.38461538461538464,2.0,1.1547005383792515,-7.407692307692309,0.0,1.0,sleep_induction,engaged
e1edee7f-cf21-4bdc-9705-83a53bd74caa,25-34,anxiety_relief,16.6,False,17,0.5294117647058824,2.5294117647058822,1.4627733530362594,-9.123529411764705,0.0,0.8235294117647058,anxiety_relief,engaged
d7f8af26-e317-441c-bacf-faf90c5bcf07,25-34,deep_focus,39.8,False,20,0.7,3.6,1.9841477024816367,-5.865,0.15,0.5,deep_focus,loyal
7755f20f-14c9-4a4d-b000-5673c952d728,18-24,sleep_induction,30.7,False,15,0.6,2.2666666666666666,0.8837151016885368,-12.259999999999998,0.0,0.8666666666666667,sleep_induction,engaged
ff82136b-e4c5-4a30-9da2-053ac1365a54,45-54,deep_focus,40.6,False,15,0.6666666666666666,3.6666666666666665,2.3196879921559237,-7.653333333333334,0.13333333333333333,0.7333333333333333,deep_focus,engaged
af9ae233-df26-42cf-a17a-b9d33354adfe,45-54,deep_focus,19.6,True,22,0.6818181818181818,3.6363636363636362,2.172237261123821,-1.6409090909090913,0.18181818181818182,0.45454545454545453,deep_focus,loyal
f65441ff-da1a-452a-8c49-a587517601e0,18-24,anxiety_relief,13.6,False,13,0.6153846153846154,4.461538461538462,1.8980421761815784,-3.930769230769231,0.07692307692307693,0.46153846153846156,anxiety_relief,engaged
25ad8671-7748-449c-8462-6857006e60e4,25-34,anxiety_relief,75.9,False,20,0.6,3.1,2.2219005615155596,-7.5699999999999985,0.05,0.6,anxiety_relief,loyal
c71d83f7-f828-4ff4-9c88-e0e3e56ef653,35-44,anxiety_relief,51.0,True,13,0.7692307692307693,4.3076923076923075,2.1363760352762253,-2.6384615384615397,0.15384615384615385,0.38461538461538464,anxiety_relief,engaged
108fa90b-0af3-46e9-b87d-a1b92f5196aa,35-44,deep_focus,66.2,False,25,0.8,4.16,2.134635019544715,-2.2239999999999993,0.16,0.36,deep_focus,loyal
4b6f2842-2796-462a-ac18-5a68d24da264,25-34,deep_focus,28.1,False,22,0.6363636363636364,3.272727272727273,2.3336425274423345,-5.245454545454545,0.13636363636363635,0.5454545454545454,deep_focus,loyal
e1b2e4a9-c498-45e6-ad1a-d1f88c9ea954,45-54,anxiety_relief,37.4,False,16,0.8125,3.5,2.309401076758503,-5.43125,0.125,0.5625,anxiety_relief,engaged
b3ddd7af-e0f0-4721-9fe2-9ebc94dda2f4,25-34,anxiety_relief,14.0,False,14,0.6428571428571429,3.7857142857142856,2.2592909516916153,-2.1499999999999995,0.07142857142857142,0.35714285714285715,anxiety_relief,engaged
100c1498-949b-4636-abd5-770c8eed6fab,18-24,anxiety_relief,8.5,False,19,0.7368421052631579,3.0,1.699673171197595,-4.657894736842105,0.0,0.631578947368421,anxiety_relief,engaged
8ab69aed-9969-475e-a65f-7e9f244fedcb,55+,anxiety_relief,40.6,False,11,0.5454545454545454,3.6363636363636362,2.2482316283126735,-5.4818181818181815,0.0,0.5454545454545454,anxiety_relief,engaged
98e15bf1-bb67-42ed-9a1d-1ce82b2e2793,25-34,anxiety_relief,36.6,False,12,0.9166666666666666,3.75,1.712255291076124,-2.316666666666665,0.16666666666666666,0.5,anxiety_relief,engaged
adbcc382-2e82-49ca-8d86-a12c6d3e0b9c,18-24,sleep_induction,14.2,True,16,0.5625,2.5,1.505545305418162,-8.475,0.0,0.9375,sleep_induction,engaged
653ef7fe-584e-46db-b5be-713ace144941,55+,sleep_induction,13.6,False,17,0.5294117647058824,2.2941176470588234,1.1048023512348795,-10.929411764705883,0.0,1.0,sleep_induction,engaged
036ff6f9-ede7-4d69-b06d-e32c755683bb,35-44,sleep_induction,70.5,False,14,0.21428571428571427,1.7142857142857142,1.1387288073563857,-11.521428571428572,0.0,0.9285714285714286,sleep_induction,engaged
5603a492-bade-4327-9db4-bba5f9494347,35-44,anxiety_relief,41.2,False,18,0.6666666666666666,2.7222222222222223,1.127493605332358,-8.944444444444445,0.0,0.6666666666666666,anxiety_relief,engaged
67a16f17-d15b-485d-af5d-351cd05d1f66,25-34,sleep_induction,21.9,False,25,0.52,2.2,1.0801234497346432,-11.527999999999999,0.0,0.96,sleep_induction,loyal
e019d471-cfb7-41e1-8021-b540f150fc8d,25-34,deep_focus,34.6,False,16,0.875,4.75,2.175622516277429,1.3312499999999996,0.25,0.3125,deep_focus,engaged
5b9038cd-3d01-4aa1-9f1f-16138024c813,18-24,sleep_induction,19.5,False,11,0.5454545454545454,2.4545454545454546,1.2135597524338357,-11.690909090909093,0.0,0.9090909090909091,sleep_induction,engaged
20392234-eb81-4b6d-add5-71bd307082b8,25-34,anxiety_relief,20.8,False,15,0.7333333333333333,3.066666666666667,1.98086080374405,-6.72,0.06666666666666667,0.6666666666666666,anxiety_relief,engaged
05a184ab-58e2-4f68-9ccf-00aa807021e1,25-34,deep_focus,19.5,False,13,0.6923076923076923,2.923076923076923,1.8009968749527976,-6.3076923076923075,0.07692307692307693,0.6923076923076923,deep_focus,engaged
25f21f7d-c207-4f75-a19e-1df3c6b31533,18-24,deep_focus,27.4,False,15,0.8666666666666667,3.466666666666667,1.846489590960049,-4.22,0.06666666666666667,0.4666666666666667,deep_focus,engaged
2929a411-a07a-42d3-a5a8-cb9ed23e808c,18-24,sleep_induction,23.3,False,19,0.5789473684210527,2.5789473684210527,1.1212983285105118,-13.489473684210527,0.0,1.0,sleep_induction,engaged
9c0b83d3-27a2-4aa4-84b9-246cf946f746,35-44,sleep_induction,18.8,False,14,0.8571428571428571,2.142857142857143,1.1673205911990767,-12.485714285714286,0.0,0.9285714285714286,sleep_induction,engaged
c721d19d-d8a9-4248-9458-6e9adedd026e,25-34,grief_processing,29.3,False,20,0.75,4.1,1.5861240410775603,-6.005,0.0,0.35,grief_processing,loyal
fd6d78bd-bc20-46ce-8e11-c59cf0293f87,18-24,mood_uplift,39.2,False,16,0.625,3.9375,1.4818344486930155,-1.88125,0.0625,0.25,mood_uplift,engaged
8df5eddd-38b0-4ad1-815d-189eb2cc75d7,35-44,anxiety_relief,60.0,False,19,0.8421052631578947,3.6315789473684212,2.1656542843981734,-3.505263157894739,0.10526315789473684,0.3684210526315789,anxiety_relief,engaged
e9caeae7-cde1-4f5e-885a-5f9db4085e32,35-44,sleep_induction,67.6,False,22,0.7272727272727273,2.9545454545454546,1.9634098795153179,-10.631818181818183,0.0,0.7272727272727273,sleep_induction,loyal
f8565290-ae3f-43f6-94ed-93672d8e9de7,18-24,deep_focus,71.3,False,16,0.75,4.0,2.250925735484551,-2.981250000000003,0.1875,0.375,deep_focus,engaged
66c184f7-7621-445e-ad1b-7fbd0ff72a2c,25-34,anxiety_relief,63.4,True,12,0.75,3.3333333333333335,2.3868325657594203,-7.016666666666666,0.16666666666666666,0.75,anxiety_relief,engaged
7d504d73-4e0e-4614-bbbc-556063355b5b,35-44,sleep_induction,53.2,False,12,0.5833333333333334,1.9166666666666667,0.7929614610987592,-11.258333333333335,0.0,1.0,sleep_induction,engaged
1bf7fdf8-7dac-4159-b3f3-32b2b9970579,25-34,sleep_induction,36.6,False,26,0.5384615384615384,3.0,1.385640646055102,-9.869230769230768,0.0,0.7307692307692307,sleep_induction,loyal
4f39e110-ccea-44df-ba41-6dbaef9d72ce,35-44,anxiety_relief,26.2,True,19,0.5789473684210527,3.0526315789473686,2.1206310436735127,-7.189473684210528,0.05263157894736842,0.631578947368421,anxiety_relief,engaged
912f02d0-e495-4588-8c25-8621ee7a22ea,35-44,sleep_induction,17.6,False,16,0.3125,2.5625,1.0935416468216166,-9.65625,0.0,1.0,sleep_induction,engaged
76aed8a7-b468-4eda-a0fc-8c623df88e77,35-44,anxiety_relief,13.3,False,14,0.7142857142857143,3.5,1.5063966175050876,-2.485714285714286,0.07142857142857142,0.35714285714285715,anxiety_relief,engaged
25907c61-1708-4346-9390-8c16b9ff08a8,25-34,mood_uplift,27.9,False,14,0.7857142857142857,3.7142857142857144,2.4314785444432596,-5.3999999999999995,0.21428571428571427,0.5714285714285714,mood_uplift,engaged
4aceb780-a54c-4e1b-9fd4-cabd0e9b2ff0,55+,deep_focus,14.5,False,14,0.7142857142857143,3.7857142857142856,1.5776599725577714,-3.9142857142857146,0.07142857142857142,0.35714285714285715,deep_focus,engaged
dc3bbab7-e2b5-4516-965e-64141fcb8560,18-24,anxiety_relief,36.3,True,19,0.42105263157894735,2.9473684210526314,1.5802139169719436,-7.4526315789473685,0.05263157894736842,0.6842105263157895,anxiety_relief,engaged
eeac75f1-7c2f-4260-976b-4b4c32aace31,25-34,anxiety_relief,82.7,False,13,0.6153846153846154,3.4615384615384617,2.0662116951635836,-4.630769230769233,0.15384615384615385,0.5384615384615384,anxiety_relief,engaged
f0b56d63-7a1e-4df7-8e08-71637c73583e,25-34,mood_uplift,31.0,True,12,0.6666666666666666,5.333333333333333,2.7413776673693677,0.3333333333333333,0.4166666666666667,0.4166666666666667,mood_uplift,engaged
aefe99d5-a5f3-4dc8-b943-265ce9ec765d,25-34,deep_focus,21.6,False,23,0.7391304347826086,3.9130434782608696,2.661391356521842,-3.6260869565217386,0.17391304347826086,0.5217391304347826,deep_focus,loyal
b8832228-0a6d-470c-aea7-3b25ba319483,18-24,deep_focus,49.1,False,16,0.6875,4.625,2.305789814069502,-2.4937500000000004,0.25,0.5,deep_focus,engaged
34b31838-f112-459e-b40f-b5085c83db11,35-44,deep_focus,57.1,True,19,0.631578947368421,3.210526315789474,1.843274482738111,-5.542105263157895,0.05263157894736842,0.5263157894736842,deep_focus,engaged
67892d9f-79a9-4917-8e32-cdb7f9e55921,35-44,deep_focus,47.0,False,20,0.85,3.75,2.099498687030336,-4.3149999999999995,0.1,0.45,deep_focus,loyal
3802c419-4fce-4225-8c1e-60315cc75194,18-24,anxiety_relief,32.8,False,15,0.7333333333333333,3.466666666666667,2.199567056967175,-5.693333333333333,0.13333333333333333,0.5333333333333333,anxiety_relief,engaged
848dcc74-b05c-4932-aec8-d9b7a84de771,25-34,anxiety_relief,63.9,False,11,0.7272727272727273,3.8181818181818183,1.7786613965666325,-7.881818181818181,0.0,0.5454545454545454,anxiety_relief,engaged
b82e928d-4c74-493a-9217-c9345ab44135,35-44,sleep_induction,26.5,True,14,0.7857142857142857,2.642857142857143,1.3926810257774176,-10.592857142857142,0.0,0.8571428571428571,sleep_induction,engaged
ecab0af1-f387-45cf-9f73-f7f6c3a8e19a,35-44,deep_focus,27.9,False,15,0.7333333333333333,4.533333333333333,2.1995670569671746,-2.3466666666666667,0.13333333333333333,0.26666666666666666,deep_focus,engaged
d74c3ef7-06bd-4b5c-a8f8-e9e407c18568,25-34,anxiety_relief,50.2,False,12,0.8333333333333334,2.9166666666666665,1.3113721705515067,-7.058333333333333,0.0,0.5833333333333334,anxiety_relief,engaged
ca714198-4b9e-4dc0-a69c-5790f1d83f11,45-54,deep_focus,13.5,False,15,0.7333333333333333,4.066666666666666,2.2824381283013584,-2.1733333333333333,0.13333333333333333,0.4,deep_focus,engaged
9b37f759-9e2e-4d32-a3e9-a3d94e3fa519,18-24,sleep_induction,54.1,True,16,0.8125,2.3125,1.352466881911223,-13.2,0.0,1.0,sleep_induction,engaged
9c53cef7-12bd-4e5b-9514-cc65b61e1954,35-44,grief_processing,28.8,False,11,0.9090909090909091,4.363636363636363,1.9632996344280855,-2.863636363636364,0.09090909090909091,0.2727272727272727,grief_processing,engaged
7bb6f806-f3a0-4889-9e72-9ae00b5d65c2,35-44,deep_focus,15.4,False,26,0.7307692307692307,3.769230769230769,2.025985040570484,-5.596153846153846,0.07692307692307693,0.5769230769230769,deep_focus,loyal
8404f87e-e2ae-4242-a491-17d3cb1656bd,35-44,anxiety_relief,19.4,False,15,0.8,3.2666666666666666,2.491891612715892,-4.540000000000001,0.13333333333333333,0.6,anxiety_relief,engaged
03ec974b-022c-4fcd-bd1b-ca92a2bab763,45-54,sleep_induction,45.0,False,14,0.5714285714285714,1.8571428571428572,0.7703288865196433,-13.5,0.0,1.0,sleep_induction,engaged
d1007ca7-65af-4885-be8d-044a09852c64,25-34,mood_uplift,48.8,False,19,0.7894736842105263,4.894736842105263,2.378018242199567,1.978947368421053,0.3157894736842105,0.21052631578947367,mood_uplift,engaged
7d288565-39d5-4183-95e0-bcd8bc7d220c,18-24,anxiety_relief,10.0,False,13,0.5384615384615384,3.1538461538461537,1.4051188470584879,-5.953846153846154,0.0,0.6923076923076923,anxiety_relief,engaged
c833bcfa-a3d2-43c8-bc5c-415ceabdb572,45-54,sleep_induction,17.1,False,26,0.6153846153846154,2.423076923076923,1.8148956316676046,-10.76923076923077,0.038461538461538464,0.9615384615384616,sleep_induction,loyal
ad395426-cbd3-44c4-b29c-ae599732e146,35-44,deep_focus,51.3,False,17,0.7058823529411765,4.294117647058823,2.391775122224938,-3.6647058823529393,0.058823529411764705,0.35294117647058826,deep_focus,engaged
5babad2e-1d57-4afb-8e4f-4966f9d86ab9,45-54,sleep_induction,73.7,False,16,0.625,2.4375,1.3149778198382918,-12.4625,0.0,0.875,sleep_induction,engaged
18615b76-a9b0-4a74-a8dd-916e8efe793f,18-24,anxiety_relief,64.3,True,9,0.6666666666666666,3.888888888888889,2.934469476943168,-3.2111111111111126,0.2222222222222222,0.5555555555555556,anxiety_relief,engaged
254b412b-95a9-4c3a-9999-684deaf0c455,45-54,sleep_induction,19.5,False,15,0.3333333333333333,2.0,1.1338934190276817,-9.573333333333332,0.0,0.8666666666666667,sleep_induction,engaged
5838096b-5134-4d0a-9178-caa7c64acb85,25-34,anxiety_relief,43.6,False,20,0.7,3.15,2.1095023109728985,-6.475,0.15,0.55,anxiety_relief,loyal
9a1b2eb9-fe78-412a-b846-17992ac2f60e,25-34,anxiety_relief,32.4,False,15,0.7333333333333333,3.6,1.9928443419967783,-6.713333333333334,0.06666666666666667,0.5333333333333333,anxiety_relief,engaged
97eeb59c-fc0b-4ad4-9dd8-254ae5a18cba,25-34,anxiety_relief,29.6,False,17,0.7647058823529411,3.176470588235294,1.8786728732554485,-7.78235294117647,0.0,0.5294117647058824,anxiety_relief,engaged
b912e969-fa91-43ef-9b34-ed8e3b0a5d62,55+,sleep_induction,66.8,False,9,0.5555555555555556,2.7777777777777777,1.481365736219265,-9.11111111111111,0.0,0.6666666666666666,sleep_induction,engaged
8cd3edda-99b6-40db-b265-07d7a25d5aa2,18-24,deep_focus,20.6,False,21,0.6190476190476191,4.0476190476190474,2.3124919562279667,-5.271428571428571,0.14285714285714285,0.5714285714285714,deep_focus,loyal
9acf87f5-4ce1-4e6d-8119-557b1b37f754,35-44,anxiety_relief,31.5,False,12,0.6666666666666666,3.25,2.7010099121355595,-5.083333333333334,0.08333333333333333,0.5833333333333334,anxiety_relief,engaged
dadaf47e-265f-424e-89eb-339be59be4f8,18-24,sleep_induction,50.0,False,10,1.0,2.1,1.4491376746189437,-8.1,0.0,0.7,sleep_induction,engaged
ba298a24-491a-4001-ab23-c3f938421a25,45-54,sleep_induction,44.7,True,11,0.36363636363636365,1.5454545454545454,0.8201995322647244,-9.909090909090908,0.0,1.0,sleep_induction,engaged
c20571f2-ed91-4790-acb5-84cbacf2556b,25-34,mood_uplift,5.7,False,14,0.6428571428571429,5.0,2.3204774044612857,1.8571428571428572,0.14285714285714285,0.2857142857142857,mood_uplift,engaged
d2d55907-5865-4103-94d7-6163635ffe50,25-34,sleep_induction,51.7,True,22,0.5909090909090909,2.6818181818181817,1.4601488390005424,-10.781818181818181,0.045454545454545456,0.8636363636363636,sleep_induction,loyal
8fa5f638-8b9a-440d-8877-75f723b84d5e,35-44,anxiety_relief,57.0,False,12,0.5833333333333334,2.8333333333333335,1.5859229221975182,-10.100000000000001,0.08333333333333333,0.8333333333333334,anxiety_relief,engaged
1527e8b1-9d46-4f17-89bb-f56043d49aba,35-44,mood_uplift,34.2,True,14,0.8571428571428571,4.928571428571429,1.6854255666327542,-1.792857142857143,0.07142857142857142,0.14285714285714285,mood_uplift,engaged
470d7aa8-4f5e-4616-9fe0-0eed0bebbe93,25-34,sleep_induction,52.4,True,18,0.5,2.2777777777777777,0.8947924869885988,-11.922222222222222,0.0,1.0,sleep_induction,engaged
df13e380-96dc-4092-be66-674754aa78a3,25-34,anxiety_relief,63.5,False,18,0.5555555555555556,3.6666666666666665,2.1143765594836976,-6.455555555555555,0.16666666666666666,0.6111111111111112,anxiety_relief,engaged
f4c24e1a-a5a1-4013-97fb-afb6e3f96af3,18-24,anxiety_relief,33.7,False,16,0.6875,2.875,1.8574175621006712,-5.887500000000001,0.0625,0.625,anxiety_relief,engaged
fae36e4c-029a-41d0-b9a0-6ad7d9eea564,35-44,anxiety_relief,35.2,False,12,0.6666666666666666,2.3333333333333335,1.7752507291971888,-8.95,0.0,0.75,anxiety_relief,engaged
3aa1f247-ab08-46f4-9d26-3806f10a64e6,35-44,mood_uplift,53.1,False,20,0.6,4.3,2.6177531547010635,-2.845000000000001,0.25,0.5,mood_uplift,loyal
62b77c94-855f-4a44-8533-e843dfe0dacb,35-44,mood_uplift,6.6,False,11,0.9090909090909091,3.909090909090909,2.809076198843508,0.3909090909090912,0.2727272727272727,0.5454545454545454,mood_uplift,engaged
96f915d9-b009-4260-95b9-9aa8044459bd,18-24,sleep_induction,31.9,False,18,0.6111111111111112,2.6666666666666665,2.0291986247835694,-11.944444444444445,0.05555555555555555,0.8333333333333334,sleep_induction,engaged
c1e0e12b-1e16-42ee-8d65-b6b6d0c66efa,18-24,mood_uplift,11.3,False,24,0.7083333333333334,3.5416666666666665,2.1054621854815525,-0.8083333333333331,0.20833333333333334,0.4166666666666667,mood_uplift,loyal
